-- phpMyAdmin SQL Dump
-- version 3.5.0-rc2
-- http://www.phpmyadmin.net
--
-- Host: stlabvsts01.va.neustar.com
-- Generation Time: Aug 13, 2014 at 04:10 PM
-- Server version: 5.1.69
-- PHP Version: 5.3.3

SET SQL_MODE="NO_AUTO_VALUE_ON_ZERO";
SET time_zone = "+00:00";


/*!40101 SET @OLD_CHARACTER_SET_CLIENT=@@CHARACTER_SET_CLIENT */;
/*!40101 SET @OLD_CHARACTER_SET_RESULTS=@@CHARACTER_SET_RESULTS */;
/*!40101 SET @OLD_COLLATION_CONNECTION=@@COLLATION_CONNECTION */;
/*!40101 SET NAMES utf8 */;

--
-- Database: `neumatic`
--

-- --------------------------------------------------------

--
-- Table structure for table `hostgroup`
--

DROP TABLE IF EXISTS `hostgroup`;
CREATE TABLE IF NOT EXISTS `hostgroup` (
  `id` int(5) NOT NULL AUTO_INCREMENT,
  `name` varchar(50) COLLATE utf8_unicode_ci NOT NULL,
  PRIMARY KEY (`id`)
) ENGINE=InnoDB DEFAULT CHARSET=utf8 COLLATE=utf8_unicode_ci AUTO_INCREMENT=1 ;

-- --------------------------------------------------------

--
-- Table structure for table `node`
--

DROP TABLE IF EXISTS `node`;
CREATE TABLE IF NOT EXISTS `node` (
  `id` int(5) NOT NULL AUTO_INCREMENT,
  `name` varchar(50) COLLATE utf8_unicode_ci NOT NULL,
  PRIMARY KEY (`id`)
) ENGINE=InnoDB  DEFAULT CHARSET=utf8 COLLATE=utf8_unicode_ci AUTO_INCREMENT=2676 ;

--
-- Dumping data for table `node`
--

INSERT INTO `node` (`id`, `name`) VALUES
(1322, 'EnumDevBox1'),
(1323, 'chefserverlab1.va.neustar.com'),
(1324, 'chihcprkvm01.nc.neustar.com'),
(1325, 'stdwfdvhd002.va.neustar.com'),
(1326, 'stdwfdvhd006.va.neustar.com'),
(1327, 'stdwfdvhd007.va.neustar.com'),
(1328, 'stdwfdvhd008.va.neustar.com'),
(1329, 'stdwpdvhn1.va.neustar.com'),
(1330, 'stdwpdvutl1.va.neustar.com'),
(1331, 'stedvdvvdb2.va.neustar.com'),
(1332, 'stifvprvlns10.va.neustar.com'),
(1333, 'stifvprvns10.va.neustar.com'),
(1334, 'stlab1.va.neustar.com'),
(1335, 'stlabckvm01.va.neustar.com'),
(1336, 'stlabckvm02.va.neustar.com'),
(1337, 'stlabcloudbolt.va.neustar.com'),
(1338, 'stlabvnode03.va.neustar.com'),
(1339, 'stlabvnode04.va.neustar.com'),
(1340, 'stlabvnode05.va.neustar.com'),
(1341, 'stlabvnode06.va.neustar.com'),
(1342, 'stlabvnode07.va.neustar.com'),
(1343, 'stlabvnode08.va.neustar.com'),
(1344, 'stlabvnode09.va.neustar.com'),
(1345, 'stlabvnode10.va.neustar.com'),
(1346, 'stlabvnode11.va.neustar.com'),
(1347, 'stlabvnode12.va.neustar.com'),
(1348, 'stlabvnode13.va.neustar.com'),
(1349, 'stlabvnode14.va.neustar.com'),
(1350, 'stlabvnode15.va.neustar.com'),
(1351, 'stlabvnode16.va.neustar.com'),
(1352, 'stlabvnode17.va.neustar.com'),
(1353, 'stlabvnode20.va.neustar.com'),
(1354, 'stlabvnode21.va.neustar.com'),
(1355, 'stlabvnode22.va.neustar.com'),
(1356, 'stlabvnode23.va.neustar.com'),
(1357, 'stlabvnode24.va.neustar.com'),
(1358, 'stlabvnode25.va.neustar.com'),
(1359, 'stlabvnode26.va.neustar.com'),
(1360, 'stlabvnode27.va.neustar.com'),
(1361, 'stlabvnode28.va.neustar.com'),
(1362, 'stlabvnode29.va.neustar.com'),
(1363, 'stlabvnode31.va.neustar.com'),
(1364, 'stlabvnode32.va.neustar.com'),
(1365, 'stlabvnode33.va.neustar.com'),
(1366, 'stlabvnode34.va.neustar.com'),
(1367, 'stlabvnode35.va.neustar.com'),
(1368, 'stlabvnode36.va.neustar.com'),
(1369, 'stlabvnode37.va.neustar.com'),
(1370, 'stlabvnode38.va.neustar.com'),
(1371, 'stlabvnode39.va.neustar.com'),
(1372, 'stlabvnode40.va.neustar.com'),
(1373, 'stlabvnode41.va.neustar.com'),
(1374, 'stlabvnode45.va.neustar.com'),
(1375, 'stlabvnode47.va.neustar.com'),
(1376, 'stlabvnode49.va.neustar.com'),
(1377, 'stlabvnode50.va.neustar.com'),
(1378, 'stlabvnode51.va.neustar.com'),
(1379, 'stlabvnode54.va.neustar.com'),
(1380, 'stlabvnode55.va.neustar.com'),
(1381, 'stlabvnode56.va.neustar.com'),
(1382, 'stlabvnode57.va.neustar.com'),
(1383, 'stlabvnode58.va.neustar.com'),
(1384, 'stlabvnode60.va.neustar.com'),
(1385, 'stlabvnode61.va.neustar.com'),
(1386, 'stlabvnode62.va.neustar.com'),
(1387, 'stlabvnode63.va.neustar.com'),
(1388, 'stlabvnode64.va.neustar.com'),
(1389, 'stlabvnode65.va.neustar.com'),
(1390, 'stlabvnode66.va.neustar.com'),
(1391, 'stlabvnode67.va.neustar.com'),
(1392, 'stlabvnode72.va.neustar.com'),
(1393, 'stlabvnode79.va.neustar.com'),
(1394, 'stlabvnode81.va.neustar.com'),
(1395, 'stlabvnode82.va.neustar.com'),
(1396, 'stlabvnode83.va.neustar.com'),
(1397, 'stlabvnode89.va.neustar.com'),
(1398, 'stlabvsts01.va.neustar.com'),
(1399, 'stopcdvvt3.va.neustar.com'),
(1400, 'stopcemavdb10.va.neustar.com'),
(1401, 'stopclabstor01.va.neustar.com'),
(1402, 'stopicl1.va.neustar.com'),
(1403, 'stopssbox1.va.neustar.com'),
(1404, 'stopvprcw01.va.neustar.com'),
(1405, 'stopvprvit01.va.neustar.com'),
(1406, 'strevdvvap60.va.neustar.com'),
(1407, 'strevdvvapp60.va.neustar.com'),
(1408, 'strevdvvapp61.va.neustar.com'),
(1409, 'strevdvvpoll60.va.neustar.com'),
(1410, 'strevdvvweb60.va.neustar.com'),
(1411, 'strevdvvwho60.va.neustar.com'),
(1412, 'strevdvvxrp60.va.neustar.com'),
(1413, 'strevprvapp35.va.neustar.com'),
(1414, 'stlabvnode52.va.neustar.com'),
(1415, 'error'),
(1416, 'Strecppvmdns1.va.neustar.com'),
(1417, 'buildbox-rhel5.va.neustar.com'),
(1418, 'chdnvwncppwb2.nc.neustar.com'),
(1419, 'chdnvwncprwb1.nc.neustar.com'),
(1420, 'chdnvwncprwb2.nc.neustar.com'),
(1421, 'chdsprxm1.nc.neustar.com'),
(1422, 'chdsprxm2.nc.neustar.com'),
(1423, 'chfncprdb1.nc.neustar.com'),
(1424, 'chfncprvap1.nc.neustar.com'),
(1425, 'chfncprvap2.nc.neustar.com'),
(1426, 'chfncprvap3.nc.neustar.com'),
(1427, 'chfncprvwb1.nc.neustar.com'),
(1428, 'chfncprvwb2.nc.neustar.com'),
(1429, 'chfncprxm1.nc.neustar.com'),
(1430, 'chfncprxm2.nc.neustar.com'),
(1431, 'chfscprvap1.nc.neustar.com'),
(1432, 'chfscprvap2.nc.neustar.com'),
(1433, 'chfscprvap3.nc.neustar.com'),
(1434, 'chfscprvwb1.nc.neustar.com'),
(1435, 'chfscprvwb2.nc.neustar.com'),
(1436, 'chfscprvwb3.nc.neustar.com'),
(1437, 'chfscprxm1.nc.neustar.com'),
(1438, 'chifcprvlns10.nc.neustar.com'),
(1439, 'chifvprvap20.nc.neustar.com'),
(1440, 'chifvprvlns20.nc.neustar.com'),
(1441, 'chifvprvns10.nc.neustar.com'),
(1442, 'chifvprvns20.nc.neustar.com'),
(1443, 'chifvprvns30.nc.neustar.com'),
(1444, 'chihcprxm10.nc.neustar.com'),
(1445, 'chihcprxm13.nc.neustar.com'),
(1446, 'chihcprxm14.nc.neustar.com'),
(1447, 'chihcprxm16.nc.neustar.com'),
(1448, 'chihcprxm17.nc.neustar.com'),
(1449, 'chihcprxm18.nc.neustar.com'),
(1450, 'chihcprxm21.nc.neustar.com'),
(1451, 'chihcprxm22.nc.neustar.com'),
(1452, 'chihcprxm23.nc.neustar.com'),
(1453, 'chihcprxm24.nc.neustar.com'),
(1454, 'chihcprxm26.nc.neustar.com'),
(1455, 'chihcprxm27.nc.neustar.com'),
(1456, 'chihcprxm28.nc.neustar.com'),
(1457, 'chihcprxm4.nc.neustar.com'),
(1458, 'chihcprxm5.nc.neustar.com'),
(1459, 'chihcprxm9.nc.neustar.com'),
(1460, 'chihvprvftp1.nc.neustar.com'),
(1461, 'chihvprvmns10.nc.neustar.com'),
(1462, 'chihvprvns1.nc.neustar.com'),
(1463, 'chihvprvns2.nc.neustar.com'),
(1464, 'chihvprvns3.nc.neustar.com'),
(1465, 'chihvprvns4.nc.neustar.com'),
(1466, 'chincprxm1.nc.neustar.com'),
(1467, 'chincprxm3.nc.neustar.com'),
(1468, 'chincprxm5.nc.neustar.com'),
(1469, 'chincprxm6.nc.neustar.com'),
(1470, 'chincprxm8.nc.neustar.com'),
(1471, 'chincprxm9.nc.neustar.com'),
(1472, 'chnetcprveng01.nc.neustar.com'),
(1473, 'chnetserver.nc.neustar.com'),
(1474, 'chneumatic.nc.neustar.com'),
(1475, 'chnmcprvchor1.nc.neustar.com'),
(1476, 'chnmvprvchor1.nc.neustar.com'),
(1477, 'chnmvprvchor1.va.neustar.com'),
(1478, 'chnocprvjab10.nc.neustar.com'),
(1479, 'chnpcpfap1.nc.neustar.com'),
(1480, 'chomcprbp2.nc.neustar.com'),
(1481, 'chomcprbp3.nc.neustar.com'),
(1482, 'chomcprbp4.nc.neustar.com'),
(1483, 'chomcpricdb1.nc.neustar.com'),
(1484, 'chomcpricdb2.nc.neustar.com'),
(1485, 'chomcpricdb3.nc.neustar.com'),
(1486, 'chomcprmrdb1.nc.neustar.com'),
(1487, 'chomcprmrdb3.nc.neustar.com'),
(1488, 'chomcprsedb6.nc.neustar.com'),
(1489, 'chomcprsedb7.nc.neustar.com'),
(1490, 'chomcprsodb1.nc.neustar.com'),
(1491, 'chomcprsodb2.nc.neustar.com'),
(1492, 'chomcprsodb3.nc.neustar.com'),
(1493, 'chomcprsodb7.nc.neustar.com'),
(1494, 'chomcprvad1.nc.neustar.com'),
(1495, 'chomcprvad2.nc.neustar.com'),
(1496, 'chomcprvap1.nc.neustar.com'),
(1497, 'chomcprvap2.nc.neustar.com'),
(1498, 'chomcprvesb1.nc.neustar.com'),
(1499, 'chomcprvfe1.nc.neustar.com'),
(1500, 'chomcprvfe2.nc.neustar.com'),
(1501, 'chomcprvlo1.nc.neustar.com'),
(1502, 'chomcprvrp1.nc.neustar.com'),
(1503, 'chomcprvrp2.nc.neustar.com'),
(1504, 'chomcprxm1.nc.neustar.com'),
(1505, 'chomcprxm10.nc.neustar.com'),
(1506, 'chomcprxm7.nc.neustar.com'),
(1507, 'chomcprxm8.nc.neustar.com'),
(1508, 'chomvopvutl1.nc.neustar.com'),
(1509, 'chopcemavdb10.nc.neustar.com'),
(1510, 'chopcprkvm01.nc.neustar.com'),
(1511, 'chopcprvftp01.nc.neustar.com'),
(1512, 'chopcprvftp02.nc.neustar.com'),
(1513, 'chopcprvjump2'),
(1514, 'chopcprvlog1.nc.neustar.com'),
(1515, 'chopcprvt2.nc.neustar.com'),
(1516, 'chopcprxm1.nc.neustar.com'),
(1517, 'chopcprxm10.nc.neustar.com'),
(1518, 'chopcprxm13.nc.neustar.com'),
(1519, 'chopcprxm5.nc.neustar.com'),
(1520, 'chopcprxm6.nc.neustar.com'),
(1521, 'chopcprxm7.nc.neustar.com'),
(1522, 'chopcprxm8.nc.neustar.com'),
(1523, 'chopcprxm9.nc.neustar.com'),
(1524, 'choppprbk1.nc.neustar.com'),
(1525, 'chopvprcblr01.nc.neustar.com'),
(1526, 'chopvpromd01.nc.neustar.com'),
(1527, 'chopvprvpull01.nc.neustar.com'),
(1528, 'chrecotvxrp20.nc.neustar.com'),
(1529, 'chrecotvxrp21.nc.neustar.com'),
(1530, 'chrecppapp1.nc.neustar.com'),
(1531, 'chrecprcscdb2.nc.neustar.com'),
(1532, 'chrecprkvm01.nc.neustar.com'),
(1533, 'chrecprvapp20.nc.neustar.com'),
(1534, 'chrecprvapp21.nc.neustar.com'),
(1535, 'chrecprvapp22.nc.neustar.com'),
(1536, 'chrecprvapp23.nc.neustar.com'),
(1537, 'chrecprvapp24.nc.neustar.com'),
(1538, 'chrecprvapp25.nc.neustar.com'),
(1539, 'chrecprvftp01.nc.neustar.com'),
(1540, 'chrecprvftp02.nc.neustar.com'),
(1541, 'chrecprvstg20.nc.neustar.com'),
(1542, 'chrecprvwbcsc2.nc.neustar.com'),
(1543, 'chrecprvxrp20.nc.neustar.com'),
(1544, 'chrecprvxrp21.nc.neustar.com'),
(1545, 'chrecprvxrp22.nc.neustar.com'),
(1546, 'chrecprvxrp23.nc.neustar.com'),
(1547, 'chrecprvxrp24.nc.neustar.com'),
(1548, 'chrecprvxrp25.nc.neustar.com'),
(1549, 'chrecprxm1.nc.neustar.com'),
(1550, 'chrecprxm2.nc.neustar.com'),
(1551, 'chrecprxm3.nc.neustar.com'),
(1552, 'chrecprxm4.nc.neustar.com'),
(1553, 'chrecprxm5.nc.neustar.com'),
(1554, 'chrecprxm6.nc.neustar.com'),
(1555, 'chrecprxm7.nc.neustar.com'),
(1556, 'chrecprxm8.nc.neustar.com'),
(1557, 'chrevprvdb60.nc.neustar.com'),
(1558, 'chrevprvmon60.nc.neustar.com'),
(1559, 'chrevprvwbcsc1.nc.neustar.com'),
(1560, 'chrevprvwbcsc2.nc.neustar.com'),
(1561, 'chrevprvxns3.nc.neustar.com'),
(1562, 'chrevprvxns4.nc.neustar.com'),
(1563, 'chsccprvld8.nc.neustar.com'),
(1564, 'chsccprvld9.nc.neustar.com'),
(1565, 'chscvppvld1.nc.neustar.com'),
(1566, 'chscvppvld2.nc.neustar.com'),
(1567, 'chscvppvldc1.nc.neustar.com'),
(1568, 'chscvppvldm1.nc.neustar.com'),
(1569, 'chscvppvpgdb1.nc.neustar.com'),
(1570, 'chscvppvpgdb2.nc.neustar.com'),
(1571, 'chscvprvacerep1.nc.neustar.com'),
(1572, 'chscvprvld10.nc.neustar.com'),
(1573, 'chscvprvld11.nc.neustar.com'),
(1574, 'chscvprvld20.nc.neustar.com'),
(1575, 'chscvprvld21.nc.neustar.com'),
(1576, 'chscvprvld8.nc.neustar.com'),
(1577, 'chscvprvld9.nc.neustar.com'),
(1578, 'chscvprvldc1.nc.neustar.com'),
(1579, 'chscvprvldh1.nc.neustar.com'),
(1580, 'chscvprvldm1.nc.neustar.com'),
(1581, 'chscvprvldm10.nc.neustar.com'),
(1582, 'chscvprvpgdb1.nc.neustar.com'),
(1583, 'chscvprvpgdb2.nc.neustar.com'),
(1584, 'chsqcdvvdb1.nc.neustar.com'),
(1585, 'chtlcprvb1.nc.neustar.com'),
(1586, 'chtlcprvt1.nc.neustar.com'),
(1587, 'chwbcprvnpac2.nc.neustar.com'),
(1588, 'chwbcprvnpac3.nc.neustar.com'),
(1589, 'chwbcprvnpac4.nc.neustar.com'),
(1590, 'chwbvprvutapp1.nc.neustar.com'),
(1591, 'chwbvprvutapp2.nc.neustar.com'),
(1592, 'chwbvprvutdb1.nc.neustar.com'),
(1593, 'chwscprxm2.nc.neustar.com'),
(1594, 'chwscprxm3.nc.neustar.com'),
(1595, 'deathstar.va.neustar.com'),
(1596, 'enrepprkvm02.neustar.com'),
(1597, 'enrepprkvm03.neustar.com'),
(1598, 'enrepprvxrp10.neustar.com'),
(1599, 'enrepprvxrp11.neustar.com'),
(1600, 'statvdvvap01.va.neustar.com'),
(1601, 'statvdvvdb1.va.neustar.com'),
(1602, 'stcsvprvdb01.va.neustar.com'),
(1603, 'stcsvprvit02.va.neustar.com'),
(1604, 'stcsvprvit04.va.neustar.com'),
(1605, 'stdnvwncppwb1.va.neustar.com'),
(1606, 'stdnvwncprwb1.va.neustar.com'),
(1607, 'stdnvwncprwb2.va.neustar.com'),
(1608, 'stdtvppvap1.va.neustar.com'),
(1609, 'stdtvppvap2.va.neustar.com'),
(1610, 'stdtvppvdb1.va.neustar.com'),
(1611, 'stdtvprvap1.va.neustar.com'),
(1612, 'stdtvprvap2.va.neustar.com'),
(1613, 'stdtvprvap3.va.neustar.com'),
(1614, 'stdtvprvap4.va.neustar.com'),
(1615, 'stdtvprvdb1.va.neustar.com'),
(1616, 'stdtvprvdb2.va.neustar.com'),
(1617, 'stdtvttvap1.va.neustar.com'),
(1618, 'stdtvttvap11.va.neustar.com'),
(1619, 'stdtvttvap2.va.neustar.com'),
(1620, 'stdtvttvap21.va.neustar.com'),
(1621, 'stdtvttvap7.va.neustar.com'),
(1622, 'stdtvttvdb1.va.neustar.com'),
(1623, 'stdtvttvdb3.va.neustar.com'),
(1624, 'stdwfprhd001.va.neustar.com'),
(1625, 'stdwfprhd002.va.neustar.com'),
(1626, 'stdwfprhd003.va.neustar.com'),
(1627, 'stdwfprhd004.va.neustar.com'),
(1628, 'stdwfprhd005.va.neustar.com'),
(1629, 'stdwfprhd006.va.neustar.com'),
(1630, 'stdwfprhd007.va.neustar.com'),
(1631, 'stdwfprhd008.va.neustar.com'),
(1632, 'stdwfprhd009.va.neustar.com'),
(1633, 'stdwfprhd010.va.neustar.com'),
(1634, 'stdwfprhd011.va.neustar.com'),
(1635, 'stdwfprhd012.va.neustar.com'),
(1636, 'stdwfprhd013.va.neustar.com'),
(1637, 'stdwfprhd014.va.neustar.com'),
(1638, 'stdwfprhd015.va.neustar.com'),
(1639, 'stdwfprhd016.va.neustar.com'),
(1640, 'stdwfprhd017.va.neustar.com'),
(1641, 'stdwfprhd018.va.neustar.com'),
(1642, 'stdwfprhd019.va.neustar.com'),
(1643, 'stdwfprhd020.va.neustar.com'),
(1644, 'stdwfprhd021.va.neustar.com'),
(1645, 'stdwfprhd022.va.neustar.com'),
(1646, 'stdwfprhd023.va.neustar.com'),
(1647, 'stdwfprhd024.va.neustar.com'),
(1648, 'stdwfprhd025.va.neustar.com'),
(1649, 'stdwfprhd026.va.neustar.com'),
(1650, 'stdwfprhd027.va.neustar.com'),
(1651, 'stdwfprhd028.va.neustar.com'),
(1652, 'stdwfprhd029.va.neustar.com'),
(1653, 'stdwfprhd030.va.neustar.com'),
(1654, 'stdwfprhd031.va.neustar.com'),
(1655, 'stdwfprhd032.va.neustar.com'),
(1656, 'stdwfprhd033.va.neustar.com'),
(1657, 'stdwfprhd035.va.neustar.com'),
(1658, 'stdwfprhd036.va.neustar.com'),
(1659, 'stdwfprhd037.va.neustar.com'),
(1660, 'stdwfprhd038.va.neustar.com'),
(1661, 'stdwfprhd039.va.neustar.com'),
(1662, 'stdwfprhd040.va.neustar.com'),
(1663, 'stdwfprhd041.va.neustar.com'),
(1664, 'stdwfprhd043.va.neustar.com'),
(1665, 'stdwfprhd044.va.neustar.com'),
(1666, 'stdwfprhd045.va.neustar.com'),
(1667, 'stdwfprhd046.va.neustar.com'),
(1668, 'stdwfprhd047.va.neustar.com'),
(1669, 'stdwfprhd048.va.neustar.com'),
(1670, 'stdwfprhd049.va.neustar.com'),
(1671, 'stdwfprhd050.va.neustar.com'),
(1672, 'stdwfprhd051.va.neustar.com'),
(1673, 'stdwfprhd052.va.neustar.com'),
(1674, 'stdwfprhd053.va.neustar.com'),
(1675, 'stdwfprhd054.va.neustar.com'),
(1676, 'stdwfprhd055.va.neustar.com'),
(1677, 'stdwfprhd056.va.neustar.com'),
(1678, 'stdwfprhd057.va.neustar.com'),
(1679, 'stdwfprhd058.va.neustar.com'),
(1680, 'stdwfprhd059.va.neustar.com'),
(1681, 'stdwfprhd060.va.neustar.com'),
(1682, 'stdwfprhd061.va.neustar.com'),
(1683, 'stdwfprhd062.va.neustar.com'),
(1684, 'stdwfprhd063.va.neustar.com'),
(1685, 'stdwfprhd064.va.neustar.com'),
(1686, 'stdwfprhd065.va.neustar.com'),
(1687, 'stdwfprhd066.va.neustar.com'),
(1688, 'stdwfprhd067.va.neustar.com'),
(1689, 'stdwfprhd068.va.neustar.com'),
(1690, 'stdwfprhd069.va.neustar.com'),
(1691, 'stdwfprhd070.va.neustar.com'),
(1692, 'stdwfprhd071.va.neustar.com'),
(1693, 'stdwfprhd072.va.neustar.com'),
(1694, 'stdwfprhd073.va.neustar.com'),
(1695, 'stdwfprhd074.va.neustar.com'),
(1696, 'stdwfprhd075.va.neustar.com'),
(1697, 'stdwfprhd076.va.neustar.com'),
(1698, 'stdwfprhd077.va.neustar.com'),
(1699, 'stdwfprhd078.va.neustar.com'),
(1700, 'stdwfprhd079.va.neustar.com'),
(1701, 'stdwfprhd080.va.neustar.com'),
(1702, 'stdwfprhd081.va.neustar.com'),
(1703, 'stdwfprhd082.va.neustar.com'),
(1704, 'stdwfprhd083.va.neustar.com'),
(1705, 'stdwfprhd084.va.neustar.com'),
(1706, 'stdwfprhd085.va.neustar.com'),
(1707, 'stdwfprhd086.va.neustar.com'),
(1708, 'stdwfprhd087.va.neustar.com'),
(1709, 'stdwfprhd088.va.neustar.com'),
(1710, 'stdwfprhd089.va.neustar.com'),
(1711, 'stdwfprhd090.va.neustar.com'),
(1712, 'stdwfprhd091.va.neustar.com'),
(1713, 'stdwfprhd092.va.neustar.com'),
(1714, 'stdwfprhd093.va.neustar.com'),
(1715, 'stdwfprhd094.va.neustar.com'),
(1716, 'stdwfprhd095.va.neustar.com'),
(1717, 'stdwfprhd096.va.neustar.com'),
(1718, 'stdwfprhd097.va.neustar.com'),
(1719, 'stdwfprhd098.va.neustar.com'),
(1720, 'stdwfprhd099.va.neustar.com'),
(1721, 'stdwfprhd100.va.neustar.com'),
(1722, 'stdwfprhd101.va.neustar.com'),
(1723, 'stdwfprhd102.va.neustar.com'),
(1724, 'stdwfprhd103.va.neustar.com'),
(1725, 'stdwfprhd104.va.neustar.com'),
(1726, 'stdwfprhd106.va.neustar.com'),
(1727, 'stdwfprhd107.va.neustar.com'),
(1728, 'stdwfprhd108.va.neustar.com'),
(1729, 'stdwfprhd109.va.neustar.com'),
(1730, 'stdwfprhd110.va.neustar.com'),
(1731, 'stdwfprhd111.va.neustar.com'),
(1732, 'stdwfprhd112.va.neustar.com'),
(1733, 'stdwfprhd113.va.neustar.com'),
(1734, 'stdwfprhd114.va.neustar.com'),
(1735, 'stdwfprhd115.va.neustar.com'),
(1736, 'stdwfprhd116.va.neustar.com'),
(1737, 'stdwfprhd117.va.neustar.com'),
(1738, 'stdwfprhd118.va.neustar.com'),
(1739, 'stdwfprhd119.va.neustar.com'),
(1740, 'stdwfprhd120.va.neustar.com'),
(1741, 'stdwfprhd121.va.neustar.com'),
(1742, 'stdwfprhd122.va.neustar.com'),
(1743, 'stdwfprhd123.va.neustar.com'),
(1744, 'stdwfprhd124.va.neustar.com'),
(1745, 'stdwfprhd125.va.neustar.com'),
(1746, 'stdwfprhd126.va.neustar.com'),
(1747, 'stdwfprhd129.va.neustar.com'),
(1748, 'stdwfprhd130.va.neustar.com'),
(1749, 'stdwfprhd131.va.neustar.com'),
(1750, 'stdwfprhd132.va.neustar.com'),
(1751, 'stdwfprhd133.va.neustar.com'),
(1752, 'stdwfprhd134.va.neustar.com'),
(1753, 'stdwfprhd135.va.neustar.com'),
(1754, 'stdwfprhd136.va.neustar.com'),
(1755, 'stdwfprhd137.va.neustar.com'),
(1756, 'stdwfprhd138.va.neustar.com'),
(1757, 'stdwfprhd139.va.neustar.com'),
(1758, 'stdwfprhd140.va.neustar.com'),
(1759, 'stdwfprhd141.va.neustar.com'),
(1760, 'stdwfprhd142.va.neustar.com'),
(1761, 'stdwfprhd143.va.neustar.com'),
(1762, 'stdwfprhd144.va.neustar.com'),
(1763, 'stdwfprhd145.va.neustar.com'),
(1764, 'stdwfprhd146.va.neustar.com'),
(1765, 'stdwfprhd147.va.neustar.com'),
(1766, 'stdwfprhd148.va.neustar.com'),
(1767, 'stdwfprhd149.va.neustar.com'),
(1768, 'stdwfprhd150.va.neustar.com'),
(1769, 'stdwfprhd151.va.neustar.com'),
(1770, 'stdwfprhd152.va.neustar.com'),
(1771, 'stdwfprhd153.va.neustar.com'),
(1772, 'stdwfprhd154.va.neustar.com'),
(1773, 'stdwfprhd155.va.neustar.com'),
(1774, 'stdwfprhd156.va.neustar.com'),
(1775, 'stdwfprhd157.va.neustar.com'),
(1776, 'stdwfprhd158.va.neustar.com'),
(1777, 'stdwfprhd159.va.neustar.com'),
(1778, 'stdwfprhd160.va.neustar.com'),
(1779, 'stdwfprhd161.va.neustar.com'),
(1780, 'stdwfprhd162.va.neustar.com'),
(1781, 'stdwfprhd163.va.neustar.com'),
(1782, 'stdwfprhd164.va.neustar.com'),
(1783, 'stdwfprsd001.va.neustar.com'),
(1784, 'stdwfprsd002.va.neustar.com'),
(1785, 'stdwfprsd003.va.neustar.com'),
(1786, 'stdwfprsd004.va.neustar.com'),
(1787, 'stdwfprsd005.va.neustar.com'),
(1788, 'stdwfprsd006.va.neustar.com'),
(1789, 'stdwfprsd007.va.neustar.com'),
(1790, 'stdwfprsd008.va.neustar.com'),
(1791, 'stdwfprsd009.va.neustar.com'),
(1792, 'stdwfprsd010.va.neustar.com'),
(1793, 'stdwfprsd011.va.neustar.com'),
(1794, 'stdwfprsd012.va.neustar.com'),
(1795, 'stdwfprsn01.va.neustar.com'),
(1796, 'stdwfprsn02.va.neustar.com'),
(1797, 'stdwfprsutl1.va.neustar.com'),
(1798, 'stdwfprsutl2.va.neustar.com'),
(1799, 'stdwpprhn1.va.neustar.com'),
(1800, 'stdwpprhn2.va.neustar.com'),
(1801, 'stdwpprhn3.va.neustar.com'),
(1802, 'stdwpprutl1.va.neustar.com'),
(1803, 'stenvdvchef01.va.neustar.com'),
(1804, 'stenvprchef01.va.neustar.com'),
(1805, 'stepcqafe1.va.neustar.com'),
(1806, 'stepcqafe2.va.neustar.com'),
(1807, 'stfscdvvfap1.va.neustar.com'),
(1808, 'stfscdvvfap2.va.neustar.com'),
(1809, 'stfscdvvfwb1.va.neustar.com'),
(1810, 'stfscdvvfwb2.va.neustar.com'),
(1811, 'stfscppvwb4.va.neustar.com'),
(1812, 'stfscprvap2.va.neustar.com'),
(1813, 'stfscprvap3.va.neustar.com'),
(1814, 'stfscprvwb1.va.neustar.com'),
(1815, 'stfscprvwb2.va.neustar.com'),
(1816, 'stfscprvwb3.va.neustar.com'),
(1817, 'stfscttvfap1.va.neustar.com'),
(1818, 'stfscttvfap2.va.neustar.com'),
(1819, 'stfscttvfap3.va.neustar.com'),
(1820, 'stfscttvfwb1.va.neustar.com'),
(1821, 'stfscttvfwb2.va.neustar.com'),
(1822, 'stfscttvfwb3.va.neustar.com'),
(1823, 'stfsidvvap1.va.neustar.com'),
(1824, 'stfsidvvap2.va.neustar.com'),
(1825, 'stfsidvvdb2.va.neustar.com'),
(1826, 'stfsvdvvdb1.va.neustar.com'),
(1827, 'stfsvdvvimg2.va.neustar.com'),
(1828, 'stfsvprvimg2.va.neustar.com'),
(1829, 'sthrcdvvhwb2.va.neustar.com'),
(1830, 'sthrcppvwb4.va.neustar.com'),
(1831, 'sthrcprvwb3.va.neustar.com'),
(1832, 'sthrcttvhwb2.va.neustar.com'),
(1833, 'sthrcttvpwb1.va.neustar.com'),
(1834, 'stifcprvlns10.va.neustar.com'),
(1835, 'stifcprvlns20.va.neustar.com'),
(1836, 'stifcprvns20.va.neustar.com'),
(1837, 'stifcprvns30.va.neustar.com'),
(1838, 'stihcprkvm02.va.neustar.com'),
(1839, 'stihcprkvm03.va.neustar.com'),
(1840, 'stihcprvns20.va.neustar.com'),
(1841, 'stihcprvns40.va.neustar.com'),
(1842, 'stihcprxm10.va.neustar.com'),
(1843, 'stihcprxm11.va.neustar.com'),
(1844, 'stihcprxm12.va.neustar.com'),
(1845, 'stihcprxm13.va.neustar.com'),
(1846, 'stihcprxm15.va.neustar.com'),
(1847, 'stihcprxm16.va.neustar.com'),
(1848, 'stihcprxm18.va.neustar.com'),
(1849, 'stihcprxm19.va.neustar.com'),
(1850, 'stihcprxm20.va.neustar.com'),
(1851, 'stihcprxm21.va.neustar.com'),
(1852, 'stihcprxm23.va.neustar.com'),
(1853, 'stihcprxm24.va.neustar.com'),
(1854, 'stihcprxm25.va.neustar.com'),
(1855, 'stihcprxm26.va.neustar.com'),
(1856, 'stihcprxm4.va.neustar.com'),
(1857, 'stihvprvftp2.va.neustar.com'),
(1858, 'stihvprvftp3.va.neustar.com'),
(1859, 'stihvprvns10.va.neustar.com'),
(1860, 'stihvprvns20.va.neustar.com'),
(1861, 'stincdvxm4.va.neustar.com'),
(1862, 'stincdvxm5.va.neustar.com'),
(1863, 'stincprxm11.va.neustar.com'),
(1864, 'stincprxm8.va.neustar.com'),
(1865, 'stincprxm9.va.neustar.com'),
(1866, 'stiscctsascs1.va.neustar.com'),
(1867, 'stiscprsascs1.va.neustar.com'),
(1868, 'stiscprsasdb1.va.neustar.com'),
(1869, 'stisvctvsasmt1.va.neustar.com'),
(1870, 'stisvctvsaswb1.va.neustar.com'),
(1871, 'stisvprvsasmt1.va.neustar.com'),
(1872, 'stisvprvsaswb1.va.neustar.com'),
(1873, 'stlabvcntrdb03.va.neustar.com'),
(1874, 'stlabvdvnfs01.va.neustar.com'),
(1875, 'stlabvjenkins01.va.neustar.com'),
(1876, 'stlabvmcblr01.va.neustar.com'),
(1877, 'stlabvstor01.va.neustar.com'),
(1878, 'stlabvstor02.va.neustar.com'),
(1879, 'stmocprkvm3.va.neustar.com'),
(1880, 'stmocprkvm4.va.neustar.com'),
(1881, 'stmocprkvm5.va.neustar.com'),
(1882, 'stmocprkvm6.va.neustar.com'),
(1883, 'stmocprkvm7.va.neustar.com'),
(1884, 'stmocprkvm8.va.neustar.com'),
(1885, 'stnecdvxm1.va.neustar.com'),
(1886, 'stnecprxm2.va.neustar.com'),
(1887, 'stnetcprveng01.va.neustar.com'),
(1888, 'stnetvlabvserver1.va.neustar.com'),
(1889, 'stnmcdvos01.va.neustar.com'),
(1890, 'stnmcdvos02.va.neustar.com'),
(1891, 'stnmcdvpb01.va.neustar.com'),
(1892, 'stnmcprvchor1.va.neustar.com'),
(1893, 'stnmvdvvrepo.va.neustar.com'),
(1894, 'stnocprvjab10.va.neustar.com'),
(1895, 'stnocvdvvjab10.va.neustar.com'),
(1896, 'stnpvdvchef01.va.neustar.com'),
(1897, 'stnpvdvvtst5.va.neustar.com'),
(1898, 'stnpvpfvsim01.va.neustar.com'),
(1899, 'stnpvpfvsim02.va.neustar.com'),
(1900, 'stnscqavap1.va.neustar.com'),
(1901, 'stnsvdvvap2.va.neustar.com'),
(1902, 'stnsvdvvdb1.va.neustar.com'),
(1903, 'stnsvdvvdb2.va.neustar.com'),
(1904, 'stnsvdvvwb2.va.neustar.com'),
(1905, 'stomcctdb1.va.neustar.com'),
(1906, 'stomcctdb2.va.neustar.com'),
(1907, 'stomcctvad1.va.neustar.com'),
(1908, 'stomcctvad2.va.neustar.com'),
(1909, 'stomcctvad3.va.neustar.com'),
(1910, 'stomcctvad4.va.neustar.com'),
(1911, 'stomcctvap1.va.neustar.com'),
(1912, 'stomcctvbp1.va.neustar.com'),
(1913, 'stomcctvbp2.va.neustar.com'),
(1914, 'stomcctvbp3.va.neustar.com'),
(1915, 'stomcctvfe1.va.neustar.com'),
(1916, 'stomcctvfe2.va.neustar.com'),
(1917, 'stomcctvfe4.va.neustar.com'),
(1918, 'stomcctvfmw1.va.neustar.com'),
(1919, 'stomcctvgw1.va.neustar.com'),
(1920, 'stomcctvpg3.va.neustar.com'),
(1921, 'stomcctvrp1.va.neustar.com'),
(1922, 'stomcctvrpdb1.va.neustar.com'),
(1923, 'stomcctvwb1.va.neustar.com'),
(1924, 'stomcdvdb1.va.neustar.com'),
(1925, 'stomcdvvap1.va.neustar.com'),
(1926, 'stomcdvvbp1.va.neustar.com'),
(1927, 'stomcdvvfe1.va.neustar.com'),
(1928, 'stomcdvvlo1.va.neustar.com'),
(1929, 'stomcdvvrp1.va.neustar.com'),
(1930, 'stomcpfbp1.va.neustar.com'),
(1931, 'stomcpfbp2.va.neustar.com'),
(1932, 'stomcpficdb1.va.neustar.com'),
(1933, 'stomcpficdb2.va.neustar.com'),
(1934, 'stomcpficdb6.va.neustar.com'),
(1935, 'stomcpficdb7.va.neustar.com'),
(1936, 'stomcpfmrdb1.va.neustar.com'),
(1937, 'stomcpfmrdb2.va.neustar.com'),
(1938, 'stomcpfsedb1.va.neustar.com'),
(1939, 'stomcpfsedb2.va.neustar.com'),
(1940, 'stomcpfsedb3.va.neustar.com'),
(1941, 'stomcpfsedb4.va.neustar.com'),
(1942, 'stomcpfsedb5.va.neustar.com'),
(1943, 'stomcpfsedb6.va.neustar.com'),
(1944, 'stomcpfsedb7.va.neustar.com'),
(1945, 'stomcpfsodb1.va.neustar.com'),
(1946, 'stomcpfsodb2.va.neustar.com'),
(1947, 'stomcpfsodb4.va.neustar.com'),
(1948, 'stomcpfsodb5.va.neustar.com'),
(1949, 'stomcpfvad1.va.neustar.com'),
(1950, 'stomcpfvad2.va.neustar.com'),
(1951, 'stomcpfvap1.va.neustar.com'),
(1952, 'stomcpfvap2.va.neustar.com'),
(1953, 'stomcpfvesb1.neustar.com'),
(1954, 'stomcpfvfe1.va.neustar.com'),
(1955, 'stomcpfvrp1.neustar.com'),
(1956, 'stomcprbp1.va.neustar.com'),
(1957, 'stomcprbp2.va.neustar.com'),
(1958, 'stomcprbp3.va.neustar.com'),
(1959, 'stomcprbp4.va.neustar.com'),
(1960, 'stomcpricdb1.va.neustar.com'),
(1961, 'stomcpricdb2.va.neustar.com'),
(1962, 'stomcpricdb3.va.neustar.com'),
(1963, 'stomcpricdb6.va.neustar.com'),
(1964, 'stomcpricdb7.va.neustar.com'),
(1965, 'stomcprkvm10.va.neustar.com'),
(1966, 'stomcprkvm14.va.neustar.com'),
(1967, 'stomcprmrdb1.va.neustar.com'),
(1968, 'stomcprmrdb2.va.neustar.com'),
(1969, 'stomcprmrdb3.va.neustar.com'),
(1970, 'stomcprmrdb6.va.neustar.com'),
(1971, 'stomcprmrdb7.va.neustar.com'),
(1972, 'stomcprrpdb1.va.neustar.com'),
(1973, 'stomcprrpdb2.va.neustar.com'),
(1974, 'stomcprsedb1.va.neustar.com'),
(1975, 'stomcprsedb2.va.neustar.com'),
(1976, 'stomcprsedb6.va.neustar.com'),
(1977, 'stomcprsedb7.va.neustar.com'),
(1978, 'stomcprsodb1.va.neustar.com'),
(1979, 'stomcprsodb3.va.neustar.com'),
(1980, 'stomcprsodb6.va.neustar.com'),
(1981, 'stomcprsodb7.va.neustar.com'),
(1982, 'stomcprvad1.va.neustar.com'),
(1983, 'stomcprvad2.va.neustar.com'),
(1984, 'stomcprvad3.va.neustar.com'),
(1985, 'stomcprvad4.va.neustar.com'),
(1986, 'stomcprvad5.va.neustar.com'),
(1987, 'stomcprvad6.va.neustar.com'),
(1988, 'stomcprvad7.va.neustar.com'),
(1989, 'stomcprvap1.va.neustar.com'),
(1990, 'stomcprvap2.va.neustar.com'),
(1991, 'stomcprvcd1.va.neustar.com'),
(1992, 'stomcprvesb1.va.neustar.com'),
(1993, 'stomcprvfe1.va.neustar.com'),
(1994, 'stomcprvfe2.va.neustar.com'),
(1995, 'stomcprvfe3.va.neustar.com'),
(1996, 'stomcprvfe4.va.neustar.com'),
(1997, 'stomcprvfe5.va.neustar.com'),
(1998, 'stomcprvfe6.va.neustar.com'),
(1999, 'stomcprvfe7.va.neustar.com'),
(2000, 'stomcprvfe8.va.neustar.com'),
(2001, 'stomcprvfmw6.va.neustar.com'),
(2002, 'stomcprvfmw7.va.neustar.com'),
(2003, 'stomcprvfmw8.va.neustar.com'),
(2004, 'stomcprvgw1.va.neustar.com'),
(2005, 'stomcprvlo1.va.neustar.com'),
(2006, 'stomcprvpg1.va.neustar.com'),
(2007, 'stomcprvpsogw1.va.neustar.com'),
(2008, 'stomcprvrp1.va.neustar.com'),
(2009, 'stomcprvrp2.va.neustar.com'),
(2010, 'stomcprxm7.va.neustar.com'),
(2011, 'stomcqafmw1.va.neustar.com'),
(2012, 'stomcqafmw2.va.neustar.com'),
(2013, 'stomcqavad1.va.neustar.com'),
(2014, 'stomcqavap1.va.neustar.com'),
(2015, 'stomcqavbp1.va.neustar.com'),
(2016, 'stomcqavfe1.va.neustar.com'),
(2017, 'stomcqavfe2.va.neustar.com'),
(2018, 'stomcqavfe3.va.neustar.com'),
(2019, 'stomcqavfe4.va.neustar.com'),
(2020, 'stomcqavfmw1.va.neustar.com'),
(2021, 'stomcqavfmw2.va.neustar.com'),
(2022, 'stomcqavrp1.va.neustar.com'),
(2023, 'stomcqavsrbp1.va.neustar.com'),
(2024, 'stomcqpdb10.va.neustar.com'),
(2025, 'stomcqpdb11.va.neustar.com'),
(2026, 'stompdvbd01.va.neustar.com'),
(2027, 'stompdvpf01.va.neustar.com'),
(2028, 'stompdvvje1.va.neustar.com'),
(2029, 'stomvctvad1.va.neustar.com'),
(2030, 'stomvctvad2.va.neustar.com'),
(2031, 'stomvctvap1.va.neustar.com'),
(2032, 'stomvctvfe1.va.neustar.com'),
(2033, 'stomvctvfe4.va.neustar.com'),
(2034, 'stomvctvgw1.va.neustar.com'),
(2035, 'stomvctvgw10.va.neustar.com'),
(2036, 'stomvctvgw11.va.neustar.com'),
(2037, 'stomvctvgw12.va.neustar.com'),
(2038, 'stomvctvgw13.va.neustar.com'),
(2039, 'stomvctvgw14.va.neustar.com'),
(2040, 'stomvctvgw2.va.neustar.com'),
(2041, 'stomvctvgw3.va.neustar.com'),
(2042, 'stomvctvgw4.va.neustar.com'),
(2043, 'stomvctvgw5.va.neustar.com'),
(2044, 'stomvctvgw6.va.neustar.com'),
(2045, 'stomvctvgw7.va.neustar.com'),
(2046, 'stomvctvgw8.va.neustar.com'),
(2047, 'stomvctvgw9.va.neustar.com'),
(2048, 'stomvctvpg3.va.neustar.com'),
(2049, 'stomvctvrp1.va.neustar.com'),
(2050, 'stomvctvwb1.va.neustar.com'),
(2051, 'stomvctvwb2.va.neustar.com'),
(2052, 'stomvctvwb3.va.neustar.com'),
(2053, 'stomvctvwb4.va.neustar.com'),
(2054, 'stomvctvwb5.va.neustar.com'),
(2055, 'stomvctvwb6.va.neustar.com'),
(2056, 'stomvdvchef01.va.neustar.com'),
(2057, 'stomvdvvap1.va.neustar.com'),
(2058, 'stomvopvutl1.va.neustar.com'),
(2059, 'stomvpfvad1.va.neustar.com'),
(2060, 'stomvpfvad2.va.neustar.com'),
(2061, 'stomvpfvap1.va.neustar.com'),
(2062, 'stomvpfvgw1.va.neustar.com'),
(2063, 'stomvpfvgw10.va.neustar.com'),
(2064, 'stomvpfvgw11.va.neustar.com'),
(2065, 'stomvpfvgw12.va.neustar.com'),
(2066, 'stomvpfvgw13.va.neustar.com'),
(2067, 'stomvpfvgw14.va.neustar.com'),
(2068, 'stomvpfvgw2.va.neustar.com'),
(2069, 'stomvpfvgw3.va.neustar.com'),
(2070, 'stomvpfvgw4.va.neustar.com'),
(2071, 'stomvpfvgw5.va.neustar.com'),
(2072, 'stomvpfvgw6.va.neustar.com'),
(2073, 'stomvpfvgw7.va.neustar.com'),
(2074, 'stomvpfvgw8.va.neustar.com'),
(2075, 'stomvpfvgw9.va.neustar.com'),
(2076, 'stomvpfvwb1.va.neustar.com'),
(2077, 'stomvpfvwb2.va.neustar.com'),
(2078, 'stomvpfvwb3.va.neustar.com'),
(2079, 'stomvpfvwb4.va.neustar.com'),
(2080, 'stomvpfvwb5.va.neustar.com'),
(2081, 'stomvpfvwb6.va.neustar.com'),
(2082, 'stomvprchef01.va.neustar.com'),
(2083, 'stomvprvad1.va.neustar.com'),
(2084, 'stomvprvad2.va.neustar.com'),
(2085, 'stomvprvap1.va.neustar.com'),
(2086, 'stomvprvap2.va.neustar.com'),
(2087, 'stomvprvfe1.va.neustar.com'),
(2088, 'stomvprvfe2.va.neustar.com'),
(2089, 'stomvprvfe3.va.neustar.com'),
(2090, 'stomvprvgw1.va.neustar.com'),
(2091, 'stomvprvgw2.va.neustar.com'),
(2092, 'stomvprvgw3.va.neustar.com'),
(2093, 'stomvprvgw4.va.neustar.com'),
(2094, 'stomvprvgw5.va.neustar.com'),
(2095, 'stomvprvgw6.va.neustar.com'),
(2096, 'stomvprvrp1.va.neustar.com'),
(2097, 'stomvprvrp2.va.neustar.com'),
(2098, 'stomvprvwb1.va.neustar.com'),
(2099, 'stomvprvwb2.va.neustar.com'),
(2100, 'stomvprvwb3.va.neustar.com'),
(2101, 'stomvprvwb4.va.neustar.com'),
(2102, 'stomvprvwb5.va.neustar.com'),
(2103, 'stomvprvwb6.va.neustar.com'),
(2104, 'stomvptvad1.va.neustar.com'),
(2105, 'stomvptvap1.va.neustar.com'),
(2106, 'stomvptvgw1.va.neustar.com'),
(2107, 'stomvptvgw2.va.neustar.com'),
(2108, 'stomvptvgw3.va.neustar.com'),
(2109, 'stomvptvgw4.va.neustar.com'),
(2110, 'stomvptvgw5.va.neustar.com'),
(2111, 'stomvptvrp1.va.neustar.com'),
(2112, 'stomvptvwb1.va.neustar.com'),
(2113, 'stomvptvwb2.va.neustar.com'),
(2114, 'stomvptvwb3.va.neustar.com'),
(2115, 'stomvptvwb4.va.neustar.com'),
(2116, 'stomvptvwb5.va.neustar.com'),
(2117, 'stomvqafmw3.va.neustar.com'),
(2118, 'stomvqavad1.va.neustar.com'),
(2119, 'stomvqavap1.va.neustar.com'),
(2120, 'stomvqavfe1.va.neustar.com'),
(2121, 'stomvqavfe2.va.neustar.com'),
(2122, 'stomvqavfe5.va.neustar.com'),
(2123, 'stomvqavfmw4.va.neustar.com'),
(2124, 'stomvqavfmw5.va.neustar.com'),
(2125, 'stomvqavgw1.va.neustar.com'),
(2126, 'stomvqavgw10.va.neustar.com'),
(2127, 'stomvqavgw11.va.neustar.com'),
(2128, 'stomvqavgw12.va.neustar.com'),
(2129, 'stomvqavgw13.va.neustar.com'),
(2130, 'stomvqavgw2.va.neustar.com'),
(2131, 'stomvqavgw3.va.neustar.com'),
(2132, 'stomvqavgw4.va.neustar.com'),
(2133, 'stomvqavgw5.va.neustar.com'),
(2134, 'stomvqavgw6.va.neustar.com'),
(2135, 'stomvqavgw7.va.neustar.com'),
(2136, 'stomvqavgw8.va.neustar.com'),
(2137, 'stomvqavgw9.va.neustar.com'),
(2138, 'stomvqavwb1.va.neustar.com'),
(2139, 'stomvqavwb2.va.neustar.com'),
(2140, 'stomvqavwb3.va.neustar.com'),
(2141, 'stomvqavwb4.va.neustar.com'),
(2142, 'stomvqavwb5.va.neustar.com'),
(2143, 'stomvqavwb6.va.neustar.com'),
(2144, 'stomvqavwb7.va.neustar.com'),
(2145, 'stopcdvsa2.va.neustar.com'),
(2146, 'stopcdvvcm01.va.neustar.com'),
(2147, 'stopcdvvt1.va.neustar.com'),
(2148, 'stopcdvxm7.va.neustar.com'),
(2149, 'stopcprinxm4.va.neustar.com'),
(2150, 'stopcprkvm02.va.neustar.com'),
(2151, 'stopcprkvm03.va.neustar.com'),
(2152, 'stopcprkvm04.va.neustar.com'),
(2153, 'stopcprkvm05.va.neustar.com'),
(2154, 'stopcprkvm06.va.neustar.com'),
(2155, 'stopcprkvm07.va.neustar.com'),
(2156, 'stopcprkvm1.va.neustar.com'),
(2157, 'stopcprvftp01.va.neustar.com'),
(2158, 'stopcprvftp02.va.neustar.com'),
(2159, 'stopcprvjump1.va.neustar.com'),
(2160, 'stopcprvlog1.va.neustar.com'),
(2161, 'stopcprvrhel01.va.neustar.com'),
(2162, 'stopcprvrhel02.va.neustar.com'),
(2163, 'stopcprvrhel03.va.neustar.com'),
(2164, 'stopcprvsim1.va.neustar.com'),
(2165, 'stopcprvt1.va.neustar.com'),
(2166, 'stopcprvt2.va.neustar.com'),
(2167, 'stopcprvutil1.va.neustar.com'),
(2168, 'stopcprxm1.va.neustar.com'),
(2169, 'stopcprxm10.va.neustar.com'),
(2170, 'stopcprxm11.va.neustar.com'),
(2171, 'stopcprxm12.va.neustar.com'),
(2172, 'stopcprxm13.va.neustar.com'),
(2173, 'stopcprxm14.va.neustar.com'),
(2174, 'stopcprxm15.va.neustar.com'),
(2175, 'stopcprxm16.va.neustar.com'),
(2176, 'stopcprxm17.va.neustar.com'),
(2177, 'stopcprxm2.va.neustar.com'),
(2178, 'stopcprxm3.va.neustar.com'),
(2179, 'stopcprxm4.va.neustar.com'),
(2180, 'stopcprxm5.va.neustar.com'),
(2181, 'stopcprxm6.va.neustar.com'),
(2182, 'stopcprxm8.va.neustar.com'),
(2183, 'stopcqavt1.va.neustar.com'),
(2184, 'stopcqavt2.va.neustar.com'),
(2185, 'stoppprbk1.va.neustar.com'),
(2186, 'stopvcenter03.va.neustar.com'),
(2187, 'stopvdvftp01.va.neustar.com'),
(2188, 'stopvdvvcm02.va.neustar.com'),
(2189, 'stopvdvvsvn2.va.neustar.com'),
(2190, 'stopvdvweb01.va.neustar.com'),
(2191, 'stopvmprcblr02.va.neustar.com'),
(2192, 'stopvmprcblr03.va.neustar.com'),
(2193, 'stopvmprcblr04.va.neustar.com'),
(2194, 'stopvmpromd02.va.neustar.com'),
(2195, 'stopvmpromd03.va.neustar.com'),
(2196, 'stopvmpromd04.va.neustar.com'),
(2197, 'stopvmpromd05.va.neustar.com'),
(2198, 'stopvmpromd06.va.neustar.com'),
(2199, 'stopvmpromd07.va.neustar.com'),
(2200, 'stopvprap01.va.neustar.com'),
(2201, 'stopvprap02.va.neustar.com'),
(2202, 'stopvprchef01.va.neustar.com'),
(2203, 'stopvprchef02.va.neustar.com'),
(2204, 'stopvprvftp10.va.neustar.com'),
(2205, 'stopvprvftp11.va.neustar.com'),
(2206, 'stopvprvpull01.va.neustar.com'),
(2207, 'stopvprvsum01.va.neustar.com'),
(2208, 'stopvprvvm2.va.neustar.com'),
(2209, 'stpsvdvvap2.va.neustar.com'),
(2210, 'stpsvdvvdb1.va.neustar.com'),
(2211, 'stpsvdvvdb2.va.neustar.com'),
(2212, 'stpsvdvvdb3.va.neustar.com'),
(2213, 'strecdvvap1.va.neustar.com'),
(2214, 'strecdvvap10.va.neustar.com'),
(2215, 'strecdvvap11.va.neustar.com'),
(2216, 'strecdvvap13.va.neustar.com'),
(2217, 'strecdvvap14.va.neustar.com'),
(2218, 'strecdvvap15.va.neustar.com'),
(2219, 'strecdvvap2.va.neustar.com'),
(2220, 'strecdvvap21.va.neustar.com'),
(2221, 'strecdvvap22.va.neustar.com'),
(2222, 'strecdvvap23.va.neustar.com'),
(2223, 'strecdvvap24.va.neustar.com'),
(2224, 'strecdvvap25.va.neustar.com'),
(2225, 'strecdvvap26.va.neustar.com'),
(2226, 'strecdvvap27.va.neustar.com'),
(2227, 'strecdvvap28.va.neustar.com'),
(2228, 'strecdvvap29.va.neustar.com'),
(2229, 'strecdvvap3.va.neustar.com'),
(2230, 'strecdvvap30.va.neustar.com'),
(2231, 'strecdvvap31.va.neustar.com'),
(2232, 'strecdvvap32.va.neustar.com'),
(2233, 'strecdvvap33.va.neustar.com'),
(2234, 'strecdvvap34.va.neustar.com'),
(2235, 'strecdvvap35.va.neustar.com'),
(2236, 'strecdvvap4.va.neustar.com'),
(2237, 'strecdvvap5.va.neustar.com'),
(2238, 'strecdvvap6.va.neustar.com'),
(2239, 'strecdvvap7.va.neustar.com'),
(2240, 'strecdvvap8.va.neustar.com'),
(2241, 'strecdvvap9.va.neustar.com'),
(2242, 'strecdvvdb1.va.neustar.com'),
(2243, 'strecdvvsc1.va.neustar.com'),
(2244, 'strecdvxm1.va.neustar.com'),
(2245, 'strecdvxm2.va.neustar.com'),
(2246, 'strecppvcsc1.va.neustar.com'),
(2247, 'strecppvcsc2.va.neustar.com'),
(2248, 'strecprkvm1.va.neustar.com'),
(2249, 'strecprvapp21.va.neustar.com'),
(2250, 'strecprvapp22.va.neustar.com'),
(2251, 'strecprvapp23.va.neustar.com'),
(2252, 'strecprvapp24.va.neustar.com'),
(2253, 'strecprvapp25.va.neustar.com'),
(2254, 'strecprvapp26.va.neustar.com'),
(2255, 'strecprvapp27.va.neustar.com'),
(2256, 'strecprvapp28.va.neustar.com'),
(2257, 'strecprvapp29.va.neustar.com'),
(2258, 'strecprvapp30.va.neustar.com'),
(2259, 'strecprvapp31.va.neustar.com'),
(2260, 'strecprvftp01.va.neustar.com'),
(2261, 'strecprvftp02.va.neustar.com'),
(2262, 'strecprvpns10.va.neustar.com'),
(2263, 'strecprvpns20.va.neustar.com'),
(2264, 'strecprvpoll20.va.neustar.com'),
(2265, 'strecprvrat20.va.neustar.com'),
(2266, 'strecprvstg20.va.neustar.com'),
(2267, 'strecprvwho4.va.neustar.com'),
(2268, 'strecprvwho5.va.neustar.com'),
(2269, 'strecprvwho6.va.neustar.com'),
(2270, 'strecprvxrp22.va.neustar.com'),
(2271, 'strecprvxrp23.va.neustar.com'),
(2272, 'strecprvxrp24.va.neustar.com'),
(2273, 'strecprvxrp25.va.neustar.com'),
(2274, 'strecprxm1.va.neustar.com'),
(2275, 'strecprxm12.va.neustar.com'),
(2276, 'strecprxm13.va.neustar.com'),
(2277, 'strecprxm14.va.neustar.com'),
(2278, 'strecprxm2.va.neustar.com'),
(2279, 'strecprxm3.va.neustar.com'),
(2280, 'strecprxm4.va.neustar.com'),
(2281, 'strecprxm5.va.neustar.com'),
(2282, 'strecprxm6.va.neustar.com'),
(2283, 'strecprxm7.va.neustar.com'),
(2284, 'strecprxm8.va.neustar.com'),
(2285, 'strecprxm9.va.neustar.com'),
(2286, 'strecqavap2.va.neustar.com'),
(2287, 'strecqavap20.va.neustar.com'),
(2288, 'strecqavap21.va.neustar.com'),
(2289, 'strecqavap22.va.neustar.com'),
(2290, 'strecqavap23.va.neustar.com'),
(2291, 'strecqavap24.va.neustar.com'),
(2292, 'strecqavap25.va.neustar.com'),
(2293, 'strecqavap3.va.neustar.com'),
(2294, 'strecqavap4.va.neustar.com'),
(2295, 'strecqavap5.va.neustar.com'),
(2296, 'strecqavap6.va.neustar.com'),
(2297, 'strecqavcsc1.va.neustar.com'),
(2298, 'strecqavcsc2.va.neustar.com'),
(2299, 'strecqavcsc3.va.neustar.com'),
(2300, 'strecqaxm1.va.neustar.com'),
(2301, 'strecqaxm2.va.neustar.com'),
(2302, 'strepprlog1.va.neustar.com'),
(2303, 'strevctvdb1.va.neustar.com'),
(2304, 'strevdvvdb1.va.neustar.com'),
(2305, 'strevppvwbcsc1.va.neustar.com'),
(2306, 'strevppvwbcsc2.va.neustar.com'),
(2307, 'strevprvapp33.va.neustar.com'),
(2308, 'strevprvapp60.va.neustar.com'),
(2309, 'strevprvapp61.va.neustar.com'),
(2310, 'strevprvapp62.va.neustar.com'),
(2311, 'strevprvapp63.va.neustar.com'),
(2312, 'strevprvapp64.va.neustar.com'),
(2313, 'strevprvapp65.va.neustar.com'),
(2314, 'strevprvdb60.va.neustar.com'),
(2315, 'strevprvmon60.va.neustar.com'),
(2316, 'strevprvwbcsc1.va.neustar.com'),
(2317, 'strevprvwbcsc2.va.neustar.com'),
(2318, 'strevprvxns3.va.neustar.com'),
(2319, 'strevprvxns4.va.neustar.com'),
(2320, 'strevprvxrp60.va.neustar.com'),
(2321, 'strevprvxrp61.va.neustar.com'),
(2322, 'strevprvxrp62.va.neustar.com'),
(2323, 'strevprvxrp63.va.neustar.com'),
(2324, 'strevprvxrp64.va.neustar.com'),
(2325, 'strevprvxrp65.va.neustar.com'),
(2326, 'strevqavap60.va.neustar.com'),
(2327, 'strevqavapp60.va.neustar.com'),
(2328, 'strevqavcsc4.va.neustar.com'),
(2329, 'strevqavpoll60.va.neustar.com'),
(2330, 'strevqavweb60.va.neustar.com'),
(2331, 'strevqavwho60.va.neustar.com'),
(2332, 'strevqavxrp60.va.neustar.com'),
(2333, 'strmcprfmsdb20.va.neustar.com'),
(2334, 'strmcprfmsdb23.va.neustar.com'),
(2335, 'strmcprmpedb20.va.neustar.com'),
(2336, 'strmcprmpedb21.va.neustar.com'),
(2337, 'strmcprmpedb23.va.neustar.com'),
(2338, 'strmcqafmsdb10.va.neustar.com'),
(2339, 'strmcqampedb10.va.neustar.com'),
(2340, 'strmcqampedb11.va.neustar.com'),
(2341, 'strmcqampedb30.va.neustar.com'),
(2342, 'strmcqampedb31.va.neustar.com'),
(2343, 'strmvprmedapp23.va.neustar.com'),
(2344, 'strmvprmedvapp10.va.neustar.com'),
(2345, 'strmvprvapp11.va.neustar.com'),
(2346, 'strmvprvapp12.va.neustar.com'),
(2347, 'strmvqaapp21.va.neustar.com'),
(2348, 'strmvqaapp22.va.neustar.com'),
(2349, 'strmvqamedapp20.va.neustar.com'),
(2350, 'strmvqamedvapp30.va.neustar.com'),
(2351, 'strmvqavapp30.va.neustar.com'),
(2352, 'strmvqavapp31.va.neustar.com'),
(2353, 'stsccdvviamwb2.va.neustar.com'),
(2354, 'stsccprviamwb1.va.neustar.com'),
(2355, 'stscvdvvpgdb1.va.neustar.com'),
(2356, 'stscvlog00.va.neustar.com'),
(2357, 'stscvlog01.va.neustar.com'),
(2358, 'stscvlog02.va.neustar.com'),
(2359, 'stscvlog50.va.neustar.com'),
(2360, 'stscvlog51.va.neustar.com'),
(2361, 'stscvossec00.va.neustar.com'),
(2362, 'stscvossec01.va.neustar.com'),
(2363, 'stscvossec02.va.neustar.com'),
(2364, 'stscvossec50.va.neustar.com'),
(2365, 'stscvppvld1.va.neustar.com'),
(2366, 'stscvppvld2.va.neustar.com'),
(2367, 'stscvppvldc1.va.neustar.com'),
(2368, 'stscvppvldm1.va.neustar.com'),
(2369, 'stscvppvpgdb1.va.neustar.com'),
(2370, 'stscvppvpgdb2.va.neustar.com'),
(2371, 'stscvprvacemstr1.va.neustar.com'),
(2372, 'stscvprvacerep1.va.neustar.com'),
(2373, 'stscvprvld10.va.neustar.com'),
(2374, 'stscvprvld20.va.neustar.com'),
(2375, 'stscvprvld21.va.neustar.com'),
(2376, 'stscvprvld7.va.neustar.com'),
(2377, 'stscvprvld8.va.neustar.com'),
(2378, 'stscvprvld9.va.neustar.com'),
(2379, 'stscvprvldc1.va.neustar.com'),
(2380, 'stscvprvldh1.va.neustar.com'),
(2381, 'stscvprvldm1.va.neustar.com'),
(2382, 'stscvprvldm10.va.neustar.com'),
(2383, 'stscvprvpgdb1.va.neustar.com'),
(2384, 'stscvprvpgdb2.va.neustar.com'),
(2385, 'stscvprvproxy01.va.neustar.com'),
(2386, 'stsqcdvvdb1.va.neustar.com'),
(2387, 'sttlcprvb1.va.neustar.com'),
(2388, 'sttlcprxm1.va.neustar.com'),
(2389, 'sttlcqavb1.va.neustar.com'),
(2390, 'stvovprvpbxims01.va.neustar.com'),
(2391, 'stwbcprredir1.va.neustar.com'),
(2392, 'stwbcprredir2.va.neustar.com'),
(2393, 'stwbcprvnpac1.va.neustar.com'),
(2394, 'stwbcprvnpac4.va.neustar.com'),
(2395, 'stwbcprxm1.va.neustar.com'),
(2396, 'stwbcprxm2.va.neustar.com'),
(2397, 'stwbcprxm3.va.neustar.com'),
(2398, 'stwbvprvmsc1.va.neustar.com'),
(2399, 'stwbvprvmsc2.va.neustar.com'),
(2400, 'stwbvprvutapp1.va.neustar.com'),
(2401, 'stwbvprvutapp2.va.neustar.com'),
(2402, 'stwbvprvutdb1.va.neustar.com'),
(2403, 'stwbvqavutapp1.va.neustar.com'),
(2404, 'stwbvqavutapp2.va.neustar.com'),
(2405, 'stwbvqavutdb1.va.neustar.com'),
(2406, 'test'),
(2407, 'vmbuild121.va.neustar.com'),
(2408, 'chlmcprdb20.nc.neustar.com'),
(2409, 'chlmvpfvap20.nc.neustar.com'),
(2410, 'chlmvpfvap21.nc.neustar.com'),
(2411, 'chlmvpfvap22.nc.neustar.com'),
(2412, 'chlmvpfvap23.nc.neustar.com'),
(2413, 'chlmvpfvap24.nc.neustar.com'),
(2414, 'chlmvpfvap25.nc.neustar.com'),
(2415, 'chlmvpfvap26.nc.neustar.com'),
(2416, 'chlmvpfvap27.nc.neustar.com'),
(2417, 'chlmvptvap1.nc.neustar.com'),
(2418, 'chlmvptvap2.nc.neustar.com'),
(2419, 'chlmvptvap3.nc.neustar.com'),
(2420, 'chlmvptvap4.nc.neustar.com'),
(2421, 'chlmvptvap5.nc.neustar.com'),
(2422, 'chlmvptvap6.nc.neustar.com'),
(2423, 'chlmvptvap7.nc.neustar.com'),
(2424, 'chlmvptvap8.nc.neustar.com'),
(2425, 'chnpcpfap01.nc.neustar.com'),
(2426, 'chnpcpfap02.nc.neustar.com'),
(2427, 'chnpcpfap03.nc.neustar.com'),
(2428, 'chnpcpfap04.nc.neustar.com'),
(2429, 'chnpcppb1ap2.nc.neustar.com'),
(2430, 'chnpcppb1ap3.nc.neustar.com'),
(2431, 'chnpcppb1ap4.nc.neustar.com'),
(2432, 'chnpcprca01.nc.neustar.com'),
(2433, 'chnpcprca02.nc.neustar.com'),
(2434, 'chnpcprca03.nc.neustar.com'),
(2435, 'chnpcprca04.nc.neustar.com'),
(2436, 'chnpcprma01.nc.neustar.com'),
(2437, 'chnpcprma02.nc.neustar.com'),
(2438, 'chnpcprma03.nc.neustar.com'),
(2439, 'chnpcprma04.nc.neustar.com'),
(2440, 'chnpcprmw01.nc.neustar.com'),
(2441, 'chnpcprmw02.nc.neustar.com'),
(2442, 'chnpcprmw03.nc.neustar.com'),
(2443, 'chnpcprmw04.nc.neustar.com'),
(2444, 'chnpcprne01.nc.neustar.com'),
(2445, 'chnpcprne02.nc.neustar.com'),
(2446, 'chnpcprne03.nc.neustar.com'),
(2447, 'chnpcprne04.nc.neustar.com'),
(2448, 'chnpcprse01.nc.neustar.com'),
(2449, 'chnpcprse02.nc.neustar.com'),
(2450, 'chnpcprse03.nc.neustar.com'),
(2451, 'chnpcprse04.nc.neustar.com'),
(2452, 'chnpcprsw01.nc.neustar.com'),
(2453, 'chnpcprsw02.nc.neustar.com'),
(2454, 'chnpcprsw03.nc.neustar.com'),
(2455, 'chnpcprsw04.nc.neustar.com'),
(2456, 'chnpcprwc01.nc.neustar.com'),
(2457, 'chnpcprwc02.nc.neustar.com'),
(2458, 'chnpcprwc03.nc.neustar.com'),
(2459, 'chnpcprwc04.nc.neustar.com'),
(2460, 'chnpcprwe01.nc.neustar.com'),
(2461, 'chnpcprwe02.nc.neustar.com'),
(2462, 'chnpcprwe03.nc.neustar.com'),
(2463, 'chnpcprwe04.nc.neustar.com'),
(2464, 'chnpcptap1.nc.neustar.com'),
(2465, 'chnpcptap4.nc.neustar.com'),
(2466, 'chnpvpfvsim01.nc.neustar.com'),
(2467, 'chnpvpfvsim02.nc.neustar.com'),
(2468, 'chnpvppb1ap01.nc.neustar.com'),
(2469, 'chnpvppb1ap02.nc.neustar.com'),
(2470, 'chnpvppb1ap03.nc.neustar.com'),
(2471, 'chnpvppb1ap04.nc.neustar.com'),
(2472, 'chnspprkvm01.nc.neustar.com'),
(2473, 'chnspprvscp01.nc.neustar.com'),
(2474, 'chpspprvscp1.nc.neustar.com'),
(2475, 'chscvprvnpld01.nc.neustar.com'),
(2476, 'chscvprvnpld02.nc.neustar.com'),
(2477, 'chscvqavnpld01.nc.neustar.com'),
(2478, 'chscvqavnpld02.nc.neustar.com'),
(2479, 'stbrcdvvap01.va.neustar.com'),
(2480, 'stbrcdvvap02.va.neustar.com'),
(2481, 'stbrcdvvap03.va.neustar.com'),
(2482, 'stbrcdvvap04.va.neustar.com'),
(2483, 'stbrcqavap01.va.neustar.com'),
(2484, 'stbrcqavap02.va.neustar.com'),
(2485, 'stbrcqavap03.va.neustar.com'),
(2486, 'stbrcqavap04.va.neustar.com'),
(2487, 'stbrcqavap05.va.neustar.com'),
(2488, 'stbrcqavap06.va.neustar.com'),
(2489, 'stbrcqavap07.va.neustar.com'),
(2490, 'stbrcqavap08.va.neustar.com'),
(2491, 'stbrcqavap09.va.neustar.com'),
(2492, 'stbrcqavap10.va.neustar.com'),
(2493, 'stfncprdb1.va.neustar.com'),
(2494, 'stfncprvap1.va.neustar.com'),
(2495, 'stfncprvap2.va.neustar.com'),
(2496, 'stfncprvap3.va.neustar.com'),
(2497, 'stfncprvap4.va.neustar.com'),
(2498, 'stfncprvap5.va.neustar.com'),
(2499, 'stfncprvap6.va.neustar.com'),
(2500, 'stfncprvrpt1.va.neustar.com'),
(2501, 'stfncprvwb1.va.neustar.com'),
(2502, 'stfncprvwb2.va.neustar.com'),
(2503, 'stlab-dev-lsms-app01.va.neustar.com'),
(2504, 'stlabvm02.va.neustar.com'),
(2505, 'stlabvm06.va.neustar.com'),
(2506, 'stlabvsts04.va.neustar.com'),
(2507, 'stlmcprdb20.va.neustar.com'),
(2508, 'stlmvdvvap01.va.neustar.com'),
(2509, 'stlmvdvvap02.va.neustar.com'),
(2510, 'stlmvdvvap03.va.neustar.com'),
(2511, 'stlmvdvvbl10.va.neustar.com'),
(2512, 'stlmvppvap1.va.neustar.com'),
(2513, 'stlmvppvap2.va.neustar.com'),
(2514, 'stlmvttvap01.va.neustar.com'),
(2515, 'stlmvttvap02.va.neustar.com'),
(2516, 'stlmvttvap03.va.neustar.com'),
(2517, 'stlmvttvap04.va.neustar.com'),
(2518, 'stnpcctso01.va.neustar.com'),
(2519, 'stnpcctso02.va.neustar.com'),
(2520, 'stnpcctso03.va.neustar.com'),
(2521, 'stnpcctso04.va.neustar.com'),
(2522, 'stnpcdvkvm3.va.neustar.com'),
(2523, 'stnpcdvtst1.va.neustar.com'),
(2524, 'stnpcdvtst10.va.neustar.com'),
(2525, 'stnpcdvtst11.va.neustar.com'),
(2526, 'stnpcdvtst12.va.neustar.com'),
(2527, 'stnpcdvtst13.va.neustar.com'),
(2528, 'stnpcdvtst14.va.neustar.com'),
(2529, 'stnpcdvtst15.va.neustar.com'),
(2530, 'stnpcdvtst16.va.neustar.com'),
(2531, 'stnpcdvtst2.va.neustar.com'),
(2532, 'stnpcdvtst3.va.neustar.com'),
(2533, 'stnpcdvtst4.va.neustar.com'),
(2534, 'stnpcdvtst5.va.neustar.com'),
(2535, 'stnpcdvtst6.va.neustar.com'),
(2536, 'stnpcdvtst7.va.neustar.com'),
(2537, 'stnpcdvtst8.va.neustar.com'),
(2538, 'stnpcdvvap1.va.neustar.com'),
(2539, 'stnpcdvvap10.va.neustar.com'),
(2540, 'stnpcdvvap11.va.neustar.com'),
(2541, 'stnpcdvvap13.va.neustar.com'),
(2542, 'stnpcdvvap14.va.neustar.com'),
(2543, 'stnpcdvvap18.va.neustar.com'),
(2544, 'stnpcdvvap20.va.neustar.com'),
(2545, 'stnpcdvvap22.va.neustar.com'),
(2546, 'stnpcdvvap4.va.neustar.com'),
(2547, 'stnpcdvvap5.va.neustar.com'),
(2548, 'stnpcdvvap6.va.neustar.com'),
(2549, 'stnpcdvvap7.va.neustar.com'),
(2550, 'stnpcdvvap8.va.neustar.com'),
(2551, 'stnpcdvvap9.va.neustar.com'),
(2552, 'stnpcdvxm10.va.neustar.com'),
(2553, 'stnpcdvxm14.va.neustar.com'),
(2554, 'stnpcpfap01.va.neustar.com'),
(2555, 'stnpcpfap02.va.neustar.com'),
(2556, 'stnpcpfap03.va.neustar.com'),
(2557, 'stnpcpfap04.va.neustar.com'),
(2558, 'stnpcppb1ap1.va.neustar.com'),
(2559, 'stnpcppb1ap2.va.neustar.com'),
(2560, 'stnpcppb1ap3.va.neustar.com'),
(2561, 'stnpcppb1ap4.va.neustar.com'),
(2562, 'stnpcppb2ap1.va.neustar.com'),
(2563, 'stnpcppb2ap2.va.neustar.com'),
(2564, 'stnpcppb2ap3.va.neustar.com'),
(2565, 'stnpcppb2ap4.va.neustar.com'),
(2566, 'stnpcppb3ap01.va.neustar.com'),
(2567, 'stnpcppb3ap02.va.neustar.com'),
(2568, 'stnpcppb3ap03.va.neustar.com'),
(2569, 'stnpcppb3ap04.va.neustar.com'),
(2570, 'stnpcprca01.va.neustar.com'),
(2571, 'stnpcprca02.va.neustar.com'),
(2572, 'stnpcprca03.va.neustar.com'),
(2573, 'stnpcprca04.va.neustar.com'),
(2574, 'stnpcprma01.va.neustar.com'),
(2575, 'stnpcprma02.va.neustar.com'),
(2576, 'stnpcprma03.va.neustar.com'),
(2577, 'stnpcprma04.va.neustar.com'),
(2578, 'stnpcprmw01.va.neustar.com'),
(2579, 'stnpcprmw02.va.neustar.com'),
(2580, 'stnpcprmw03.va.neustar.com'),
(2581, 'stnpcprmw04.va.neustar.com'),
(2582, 'stnpcprne01.va.neustar.com'),
(2583, 'stnpcprne02.va.neustar.com'),
(2584, 'stnpcprne03.va.neustar.com'),
(2585, 'stnpcprne04.va.neustar.com'),
(2586, 'stnpcprse01.va.neustar.com'),
(2587, 'stnpcprse02.va.neustar.com'),
(2588, 'stnpcprse03.va.neustar.com'),
(2589, 'stnpcprse04.va.neustar.com'),
(2590, 'stnpcprsw01.va.neustar.com'),
(2591, 'stnpcprsw02.va.neustar.com'),
(2592, 'stnpcprsw03.va.neustar.com'),
(2593, 'stnpcprsw04.va.neustar.com'),
(2594, 'stnpcprvnmt20.va.neustar.com'),
(2595, 'stnpcprwc01.va.neustar.com'),
(2596, 'stnpcprwc02.va.neustar.com'),
(2597, 'stnpcprwc03.va.neustar.com'),
(2598, 'stnpcprwc04.va.neustar.com'),
(2599, 'stnpcprwe01.va.neustar.com'),
(2600, 'stnpcprwe02.va.neustar.com'),
(2601, 'stnpcprwe03.va.neustar.com'),
(2602, 'stnpcprwe04.va.neustar.com'),
(2603, 'stnpcptap1.va.neustar.com'),
(2604, 'stnpcptap2.va.neustar.com'),
(2605, 'stnpcptap3.va.neustar.com'),
(2606, 'stnpcptap4.va.neustar.com'),
(2607, 'stnpcptap6.va.neustar.com'),
(2608, 'stnpcqaap01.va.neustar.com'),
(2609, 'stnpcqaap02.va.neustar.com'),
(2610, 'stnpcqaap03.va.neustar.com'),
(2611, 'stnpcqaap04.va.neustar.com'),
(2612, 'stnpcqaap05.va.neustar.com'),
(2613, 'stnpcqaap06.va.neustar.com'),
(2614, 'stnpcqaap07.va.neustar.com'),
(2615, 'stnpcqaap08.va.neustar.com'),
(2616, 'stnpvdvsc20.va.neustar.com'),
(2617, 'stnpvdvvap01.va.neustar.com'),
(2618, 'stnpvdvvap02.va.neustar.com'),
(2619, 'stnpvdvvap03.va.neustar.com'),
(2620, 'stnpvdvvap04.va.neustar.com'),
(2621, 'stnpvdvvap05.va.neustar.com'),
(2622, 'stnpvdvvap06.va.neustar.com'),
(2623, 'stnpvdvvap07.va.neustar.com'),
(2624, 'stnpvdvvap08.va.neustar.com'),
(2625, 'stnpvdvvap09.va.neustar.com'),
(2626, 'stnpvdvvap10.va.neustar.com'),
(2627, 'stnpvdvvap11.va.neustar.com'),
(2628, 'stnpvdvvap12.va.neustar.com'),
(2629, 'stnpvdvvap13.va.neustar.com'),
(2630, 'stnpvdvvap14.va.neustar.com'),
(2631, 'stnpvdvvap15.va.neustar.com'),
(2632, 'stnpvdvvap17.va.neustar.com'),
(2633, 'stnpvdvvbl10.va.neustar.com'),
(2634, 'stnpvppb1ap01.va.neustar.com'),
(2635, 'stnpvppb1ap02.va.neustar.com'),
(2636, 'stnpvppb1ap03.va.neustar.com'),
(2637, 'stnpvppb1ap04.va.neustar.com'),
(2638, 'stnpvppb2ap01.va.neustar.com'),
(2639, 'stnpvppb2ap02.va.neustar.com'),
(2640, 'stnpvppb2ap03.va.neustar.com'),
(2641, 'stnpvppb2ap04.va.neustar.com'),
(2642, 'stnpvppb4ap01.va.neustar.com'),
(2643, 'stnpvprvcrl01.va.neustar.com'),
(2644, 'stnpvprvcw01.va.neustar.com'),
(2645, 'stnpvprvpull01.va.neustar.com'),
(2646, 'stnscdvvap1.va.neustar.com'),
(2647, 'stnscdvvwb1.va.neustar.com'),
(2648, 'stnscqavwb1.va.neustar.com'),
(2649, 'stnspprkvm01.va.neustar.com'),
(2650, 'stnspprvscp01.va.neustar.com'),
(2651, 'stnsvdvvcvs1.va.neustar.com'),
(2652, 'stnsvqavap2.va.neustar.com'),
(2653, 'stnsvqavap3.va.neustar.com'),
(2654, 'stnsvqavftp1.va.neustar.com'),
(2655, 'stnsvqavrpt2.va.neustar.com'),
(2656, 'stnsvqavrpt3.va.neustar.com'),
(2657, 'stnsvqavwb2.va.neustar.com'),
(2658, 'stnsvqavwb3.va.neustar.com'),
(2659, 'stpscdvvap1.va.neustar.com'),
(2660, 'stpscdvvwb1.va.neustar.com'),
(2661, 'stpscqavap1.va.neustar.com'),
(2662, 'stpscqavwb1.va.neustar.com'),
(2663, 'stpspprvscp1.va.neustar.com'),
(2664, 'stpsvdvvwb2.va.neustar.com'),
(2665, 'stpsvqavap2.va.neustar.com'),
(2666, 'stpsvqavap3.va.neustar.com'),
(2667, 'stpsvqavdb1.va.neustar.com'),
(2668, 'stpsvqavrpt2.va.neustar.com'),
(2669, 'stpsvqavrpt3.va.neustar.com'),
(2670, 'stpsvqavwb2.va.neustar.com'),
(2671, 'stpsvqavwb3.va.neustar.com'),
(2672, 'stscvprvnpld01.va.neustar.com'),
(2673, 'stscvprvnpld02.va.neustar.com'),
(2674, 'stscvqavnpld01.va.neustar.com'),
(2675, 'stscvqavnpld02.va.neustar.com');

-- --------------------------------------------------------

--
-- Table structure for table `node_to_usergroup`
--

DROP TABLE IF EXISTS `node_to_usergroup`;
CREATE TABLE IF NOT EXISTS `node_to_usergroup` (
  `node_id` int(5) NOT NULL,
  `usergroup_id` varchar(50) COLLATE utf8_unicode_ci NOT NULL
) ENGINE=InnoDB DEFAULT CHARSET=utf8 COLLATE=utf8_unicode_ci;

--
-- Dumping data for table `node_to_usergroup`
--

INSERT INTO `node_to_usergroup` (`node_id`, `usergroup_id`) VALUES
(1323, '238'),
(1323, '189'),
(1324, '189'),
(1324, '303'),
(1325, '201'),
(1326, '201'),
(1327, '201'),
(1328, '201'),
(1329, '201'),
(1330, '216'),
(1330, '189'),
(1330, '201'),
(1331, '189'),
(1331, '303'),
(1332, '189'),
(1333, '189'),
(1335, '275'),
(1335, '189'),
(1335, '354'),
(1335, '288'),
(1335, '287'),
(1336, '238'),
(1336, '189'),
(1337, '189'),
(1338, '266'),
(1338, '237'),
(1338, '253'),
(1338, '207'),
(1338, '231'),
(1338, '280'),
(1338, '300'),
(1338, '324'),
(1338, '277'),
(1338, '345'),
(1338, '349'),
(1339, '238'),
(1340, '196'),
(1340, '189'),
(1341, '189'),
(1342, '238'),
(1343, '189'),
(1344, '189'),
(1345, '216'),
(1346, '356'),
(1346, '296'),
(1346, '355'),
(1346, '288'),
(1346, '287'),
(1347, '275'),
(1347, '189'),
(1347, '354'),
(1347, '288'),
(1347, '287'),
(1348, '291'),
(1349, '356'),
(1349, '296'),
(1349, '355'),
(1349, '288'),
(1349, '287'),
(1350, '293'),
(1350, '297'),
(1350, '296'),
(1350, '292'),
(1351, '189'),
(1352, '183'),
(1353, '219'),
(1353, '297'),
(1353, '296'),
(1353, '292'),
(1353, '316'),
(1353, '314'),
(1354, '189'),
(1355, '207'),
(1355, '205'),
(1356, '189'),
(1357, '303'),
(1358, '189'),
(1359, '189'),
(1360, '189'),
(1361, '189'),
(1362, '189'),
(1363, '189'),
(1364, '189'),
(1365, '189'),
(1366, '275'),
(1366, '354'),
(1366, '288'),
(1366, '287'),
(1367, '189'),
(1368, '293'),
(1368, '297'),
(1368, '296'),
(1368, '292'),
(1369, '189'),
(1370, '262'),
(1371, '189'),
(1372, '189'),
(1373, '189'),
(1374, '275'),
(1374, '189'),
(1374, '354'),
(1374, '288'),
(1374, '287'),
(1375, '219'),
(1375, '297'),
(1375, '296'),
(1375, '292'),
(1375, '316'),
(1375, '314'),
(1376, '297'),
(1376, '296'),
(1376, '292'),
(1377, '266'),
(1377, '349'),
(1378, '196'),
(1378, '189'),
(1379, '203'),
(1379, '297'),
(1379, '296'),
(1379, '201'),
(1379, '292'),
(1380, '275'),
(1380, '189'),
(1380, '354'),
(1380, '288'),
(1380, '287'),
(1381, '253'),
(1381, '187'),
(1381, '219'),
(1382, '275'),
(1382, '354'),
(1382, '288'),
(1382, '287'),
(1383, '189'),
(1384, '356'),
(1384, '296'),
(1384, '355'),
(1384, '288'),
(1384, '287'),
(1385, '207'),
(1385, '300'),
(1385, '277'),
(1386, '303'),
(1387, '303'),
(1388, '207'),
(1388, '300'),
(1388, '277'),
(1389, '207'),
(1389, '300'),
(1389, '277'),
(1390, '189'),
(1391, '189'),
(1392, '293'),
(1392, '297'),
(1392, '296'),
(1392, '292'),
(1393, '297'),
(1393, '296'),
(1393, '292'),
(1394, '294'),
(1395, '274'),
(1396, '207'),
(1396, '209'),
(1396, '300'),
(1396, '324'),
(1397, '196'),
(1397, '189'),
(1398, '189'),
(1398, '303'),
(1399, '189'),
(1399, '303'),
(1400, '189'),
(1400, '303'),
(1401, '189'),
(1402, '189'),
(1402, '303'),
(1403, '189'),
(1403, '303'),
(1404, '189'),
(1404, '303'),
(1405, '189'),
(1405, '303'),
(1406, '189'),
(1407, '189'),
(1408, '189'),
(1409, '189'),
(1410, '189'),
(1411, '189'),
(1412, '189'),
(1413, '189'),
(1414, '275'),
(1414, '189'),
(1414, '354'),
(1414, '288'),
(1414, '287'),
(1417, '216'),
(1417, '189'),
(1418, '189'),
(1418, '303'),
(1419, '189'),
(1419, '303'),
(1420, '189'),
(1420, '303'),
(1421, '189'),
(1421, '303'),
(1422, '189'),
(1422, '303'),
(1426, '189'),
(1426, '303'),
(1429, '189'),
(1429, '303'),
(1430, '189'),
(1430, '303'),
(1431, '189'),
(1431, '303'),
(1432, '189'),
(1432, '303'),
(1433, '189'),
(1433, '303'),
(1434, '303'),
(1434, '189'),
(1434, '216'),
(1435, '189'),
(1435, '303'),
(1436, '189'),
(1436, '303'),
(1437, '189'),
(1437, '303'),
(1438, '189'),
(1438, '303'),
(1440, '189'),
(1440, '303'),
(1441, '189'),
(1441, '303'),
(1442, '189'),
(1442, '303'),
(1443, '189'),
(1443, '303'),
(1444, '189'),
(1444, '303'),
(1445, '189'),
(1445, '303'),
(1446, '189'),
(1446, '303'),
(1447, '303'),
(1447, '189'),
(1448, '189'),
(1448, '303'),
(1449, '189'),
(1449, '303'),
(1450, '189'),
(1450, '303'),
(1451, '189'),
(1451, '303'),
(1452, '189'),
(1452, '303'),
(1453, '189'),
(1453, '303'),
(1454, '189'),
(1454, '303'),
(1455, '189'),
(1455, '303'),
(1456, '189'),
(1456, '303'),
(1457, '189'),
(1457, '303'),
(1458, '189'),
(1458, '303'),
(1459, '189'),
(1459, '303'),
(1460, '189'),
(1461, '189'),
(1461, '303'),
(1462, '189'),
(1462, '303'),
(1463, '189'),
(1463, '303'),
(1464, '189'),
(1464, '303'),
(1465, '189'),
(1465, '303'),
(1466, '189'),
(1466, '303'),
(1467, '189'),
(1467, '303'),
(1468, '189'),
(1468, '303'),
(1469, '189'),
(1469, '303'),
(1470, '189'),
(1470, '303'),
(1471, '189'),
(1471, '303'),
(1472, '189'),
(1472, '303'),
(1475, '189'),
(1475, '303'),
(1476, '189'),
(1476, '303'),
(1478, '189'),
(1478, '303'),
(1479, '189'),
(1479, '303'),
(1480, '216'),
(1480, '189'),
(1480, '303'),
(1481, '216'),
(1481, '189'),
(1481, '303'),
(1482, '216'),
(1482, '189'),
(1482, '303'),
(1483, '216'),
(1483, '189'),
(1483, '303'),
(1484, '216'),
(1484, '189'),
(1484, '303'),
(1485, '216'),
(1485, '189'),
(1485, '303'),
(1486, '216'),
(1486, '189'),
(1486, '303'),
(1487, '216'),
(1487, '189'),
(1487, '303'),
(1488, '196'),
(1488, '189'),
(1489, '196'),
(1489, '189'),
(1490, '216'),
(1490, '189'),
(1490, '303'),
(1491, '216'),
(1491, '189'),
(1491, '303'),
(1492, '216'),
(1492, '189'),
(1492, '303'),
(1493, '189'),
(1493, '303'),
(1494, '216'),
(1494, '189'),
(1494, '303'),
(1495, '216'),
(1495, '189'),
(1495, '303'),
(1496, '216'),
(1496, '189'),
(1496, '303'),
(1497, '216'),
(1497, '189'),
(1497, '303'),
(1498, '216'),
(1498, '189'),
(1498, '303'),
(1499, '216'),
(1499, '189'),
(1499, '303'),
(1500, '216'),
(1500, '189'),
(1500, '303'),
(1501, '216'),
(1501, '189'),
(1501, '303'),
(1502, '216'),
(1502, '189'),
(1502, '303'),
(1503, '216'),
(1503, '189'),
(1503, '303'),
(1504, '216'),
(1504, '189'),
(1504, '303'),
(1505, '189'),
(1505, '303'),
(1506, '189'),
(1506, '303'),
(1507, '189'),
(1507, '303'),
(1508, '189'),
(1508, '303'),
(1509, '189'),
(1509, '303'),
(1510, '303'),
(1510, '239'),
(1510, '189'),
(1511, '189'),
(1511, '303'),
(1512, '189'),
(1512, '303'),
(1514, '189'),
(1514, '303'),
(1515, '189'),
(1515, '303'),
(1516, '189'),
(1516, '303'),
(1517, '189'),
(1517, '303'),
(1518, '189'),
(1518, '303'),
(1519, '216'),
(1519, '189'),
(1520, '216'),
(1520, '189'),
(1521, '189'),
(1521, '303'),
(1522, '189'),
(1522, '303'),
(1523, '189'),
(1523, '303'),
(1524, '189'),
(1524, '303'),
(1525, '189'),
(1525, '303'),
(1526, '238'),
(1526, '189'),
(1527, '189'),
(1527, '303'),
(1528, '189'),
(1528, '303'),
(1529, '189'),
(1529, '303'),
(1530, '189'),
(1530, '303'),
(1531, '189'),
(1531, '303'),
(1532, '189'),
(1532, '303'),
(1533, '189'),
(1533, '303'),
(1534, '189'),
(1534, '303'),
(1535, '189'),
(1535, '303'),
(1536, '189'),
(1536, '303'),
(1537, '189'),
(1537, '303'),
(1538, '189'),
(1538, '303'),
(1539, '189'),
(1539, '303'),
(1540, '189'),
(1540, '303'),
(1541, '189'),
(1541, '303'),
(1543, '189'),
(1543, '303'),
(1544, '189'),
(1544, '303'),
(1545, '189'),
(1545, '303'),
(1546, '189'),
(1546, '303'),
(1547, '189'),
(1547, '303'),
(1548, '189'),
(1548, '303'),
(1549, '189'),
(1549, '303'),
(1550, '189'),
(1550, '303'),
(1551, '189'),
(1551, '303'),
(1551, '300'),
(1552, '189'),
(1552, '303'),
(1552, '300'),
(1553, '189'),
(1553, '303'),
(1554, '189'),
(1554, '303'),
(1555, '189'),
(1555, '303'),
(1556, '189'),
(1556, '303'),
(1557, '189'),
(1558, '189'),
(1559, '189'),
(1559, '303'),
(1560, '189'),
(1560, '303'),
(1561, '189'),
(1561, '303'),
(1562, '189'),
(1562, '303'),
(1565, '189'),
(1565, '303'),
(1566, '189'),
(1566, '303'),
(1567, '189'),
(1568, '189'),
(1568, '303'),
(1569, '189'),
(1569, '303'),
(1570, '189'),
(1570, '303'),
(1571, '189'),
(1571, '303'),
(1572, '189'),
(1573, '189'),
(1574, '189'),
(1575, '189'),
(1576, '189'),
(1577, '189'),
(1578, '189'),
(1579, '189'),
(1580, '189'),
(1581, '189'),
(1582, '189'),
(1582, '303'),
(1583, '189'),
(1583, '303'),
(1584, '303'),
(1584, '189'),
(1585, '231'),
(1585, '189'),
(1585, '303'),
(1586, '189'),
(1586, '303'),
(1587, '216'),
(1587, '189'),
(1587, '303'),
(1587, '364'),
(1588, '216'),
(1588, '189'),
(1588, '303'),
(1588, '364'),
(1589, '216'),
(1589, '189'),
(1589, '303'),
(1589, '364'),
(1590, '189'),
(1591, '189'),
(1592, '189'),
(1593, '216'),
(1593, '189'),
(1593, '364'),
(1594, '189'),
(1594, '303'),
(1594, '364'),
(1595, '189'),
(1595, '303'),
(1596, '189'),
(1596, '303'),
(1597, '189'),
(1597, '303'),
(1598, '216'),
(1598, '189'),
(1599, '216'),
(1599, '189'),
(1600, '189'),
(1600, '303'),
(1601, '189'),
(1601, '303'),
(1602, '189'),
(1602, '303'),
(1603, '189'),
(1604, '189'),
(1604, '250'),
(1605, '189'),
(1605, '303'),
(1606, '189'),
(1606, '303'),
(1607, '189'),
(1607, '303'),
(1608, '189'),
(1608, '303'),
(1609, '189'),
(1609, '303'),
(1610, '189'),
(1610, '303'),
(1611, '189'),
(1611, '303'),
(1612, '189'),
(1612, '303'),
(1613, '189'),
(1613, '303'),
(1614, '189'),
(1614, '303'),
(1615, '189'),
(1615, '303'),
(1616, '189'),
(1616, '303'),
(1617, '189'),
(1617, '303'),
(1618, '189'),
(1619, '189'),
(1619, '303'),
(1620, '189'),
(1621, '189'),
(1622, '189'),
(1622, '303'),
(1623, '189'),
(1624, '201'),
(1625, '201'),
(1626, '201'),
(1627, '201'),
(1628, '201'),
(1629, '201'),
(1630, '201'),
(1631, '201'),
(1632, '201'),
(1633, '201'),
(1634, '201'),
(1635, '201'),
(1636, '201'),
(1637, '201'),
(1638, '201'),
(1639, '201'),
(1640, '201'),
(1641, '201'),
(1642, '201'),
(1643, '201'),
(1644, '201'),
(1645, '201'),
(1646, '201'),
(1647, '201'),
(1648, '201'),
(1649, '201'),
(1650, '201'),
(1651, '201'),
(1652, '201'),
(1653, '201'),
(1654, '201'),
(1655, '201'),
(1656, '201'),
(1657, '201'),
(1658, '201'),
(1659, '201'),
(1660, '201'),
(1661, '201'),
(1662, '201'),
(1663, '201'),
(1664, '201'),
(1665, '201'),
(1666, '201'),
(1667, '201'),
(1668, '201'),
(1669, '201'),
(1670, '201'),
(1671, '201'),
(1672, '201'),
(1673, '201'),
(1674, '201'),
(1675, '201'),
(1676, '201'),
(1677, '201'),
(1678, '201'),
(1679, '201'),
(1680, '201'),
(1681, '201'),
(1682, '201'),
(1683, '201'),
(1684, '201'),
(1685, '201'),
(1686, '201'),
(1687, '201'),
(1688, '201'),
(1689, '201'),
(1690, '201'),
(1691, '201'),
(1692, '201'),
(1693, '201'),
(1694, '201'),
(1695, '201'),
(1696, '201'),
(1697, '201'),
(1698, '201'),
(1699, '201'),
(1700, '201'),
(1701, '201'),
(1702, '201'),
(1703, '201'),
(1704, '201'),
(1705, '201'),
(1706, '201'),
(1707, '201'),
(1708, '201'),
(1709, '201'),
(1710, '201'),
(1711, '201'),
(1712, '201'),
(1713, '201'),
(1714, '201'),
(1715, '201'),
(1716, '201'),
(1717, '201'),
(1718, '201'),
(1719, '201'),
(1720, '201'),
(1721, '201'),
(1722, '201'),
(1723, '201'),
(1724, '201'),
(1725, '201'),
(1726, '201'),
(1727, '201'),
(1728, '201'),
(1729, '201'),
(1730, '201'),
(1731, '201'),
(1732, '201'),
(1733, '201'),
(1734, '201'),
(1735, '201'),
(1736, '201'),
(1737, '201'),
(1738, '201'),
(1739, '201'),
(1740, '201'),
(1741, '201'),
(1742, '201'),
(1743, '201'),
(1744, '201'),
(1745, '201'),
(1746, '201'),
(1747, '201'),
(1748, '201'),
(1749, '201'),
(1750, '201'),
(1751, '201'),
(1752, '201'),
(1753, '201'),
(1754, '201'),
(1755, '201'),
(1756, '201'),
(1757, '201'),
(1758, '201'),
(1759, '201'),
(1760, '201'),
(1761, '201'),
(1762, '201'),
(1763, '201'),
(1764, '201'),
(1765, '201'),
(1766, '201'),
(1767, '201'),
(1768, '201'),
(1769, '201'),
(1770, '201'),
(1771, '201'),
(1772, '201'),
(1773, '201'),
(1774, '201'),
(1775, '201'),
(1776, '201'),
(1777, '201'),
(1778, '201'),
(1779, '201'),
(1780, '201'),
(1781, '201'),
(1782, '201'),
(1783, '202'),
(1784, '202'),
(1785, '202'),
(1786, '202'),
(1787, '202'),
(1788, '202'),
(1789, '202'),
(1790, '202'),
(1791, '202'),
(1792, '202'),
(1793, '202'),
(1794, '202'),
(1795, '202'),
(1796, '202'),
(1797, '202'),
(1798, '202'),
(1799, '201'),
(1800, '201'),
(1802, '216'),
(1802, '189'),
(1802, '201'),
(1803, '275'),
(1803, '189'),
(1803, '354'),
(1803, '288'),
(1803, '287'),
(1804, '275'),
(1804, '189'),
(1804, '354'),
(1804, '288'),
(1804, '287'),
(1805, '303'),
(1805, '189'),
(1806, '189'),
(1806, '303'),
(1807, '216'),
(1807, '189'),
(1807, '303'),
(1808, '189'),
(1808, '303'),
(1808, '216'),
(1809, '216'),
(1809, '189'),
(1809, '303'),
(1810, '216'),
(1810, '189'),
(1810, '303'),
(1811, '189'),
(1811, '303'),
(1812, '189'),
(1812, '303'),
(1813, '189'),
(1813, '303'),
(1814, '189'),
(1814, '303'),
(1815, '189'),
(1815, '303'),
(1816, '189'),
(1816, '303'),
(1817, '189'),
(1817, '303'),
(1818, '189'),
(1818, '303'),
(1819, '189'),
(1819, '303'),
(1820, '216'),
(1820, '303'),
(1820, '189'),
(1821, '303'),
(1821, '189'),
(1822, '189'),
(1822, '303'),
(1823, '189'),
(1823, '303'),
(1824, '303'),
(1824, '189'),
(1825, '189'),
(1825, '303'),
(1826, '216'),
(1826, '189'),
(1827, '216'),
(1827, '189'),
(1828, '216'),
(1828, '189'),
(1829, '216'),
(1829, '189'),
(1829, '303'),
(1830, '189'),
(1830, '303'),
(1831, '189'),
(1831, '303'),
(1832, '216'),
(1832, '189'),
(1832, '303'),
(1833, '216'),
(1833, '189'),
(1833, '303'),
(1834, '189'),
(1834, '303'),
(1835, '189'),
(1835, '303'),
(1836, '189'),
(1836, '303'),
(1837, '189'),
(1837, '303'),
(1838, '189'),
(1838, '303'),
(1839, '189'),
(1839, '303'),
(1840, '189'),
(1840, '303'),
(1841, '189'),
(1841, '303'),
(1842, '189'),
(1842, '303'),
(1843, '189'),
(1843, '303'),
(1844, '189'),
(1844, '303'),
(1845, '189'),
(1845, '303'),
(1846, '189'),
(1846, '303'),
(1847, '189'),
(1847, '303'),
(1848, '189'),
(1848, '303'),
(1849, '189'),
(1849, '303'),
(1850, '189'),
(1850, '303'),
(1851, '189'),
(1851, '303'),
(1852, '189'),
(1852, '303'),
(1853, '303'),
(1853, '189'),
(1854, '189'),
(1854, '303'),
(1855, '189'),
(1855, '303'),
(1856, '189'),
(1856, '303'),
(1857, '189'),
(1857, '303'),
(1858, '189'),
(1859, '189'),
(1860, '189'),
(1861, '189'),
(1861, '303'),
(1862, '189'),
(1862, '303'),
(1863, '216'),
(1863, '189'),
(1864, '189'),
(1864, '303'),
(1865, '189'),
(1865, '303'),
(1866, '189'),
(1867, '189'),
(1868, '189'),
(1869, '189'),
(1869, '303'),
(1870, '189'),
(1870, '303'),
(1871, '189'),
(1871, '303'),
(1872, '189'),
(1872, '303'),
(1873, '189'),
(1875, '189'),
(1875, '303'),
(1876, '189'),
(1876, '303'),
(1877, '189'),
(1877, '303'),
(1878, '189'),
(1878, '303'),
(1879, '189'),
(1879, '303'),
(1880, '189'),
(1880, '303'),
(1881, '189'),
(1881, '303'),
(1882, '189'),
(1882, '303'),
(1883, '189'),
(1883, '303'),
(1884, '189'),
(1884, '303'),
(1887, '189'),
(1887, '303'),
(1888, '216'),
(1888, '189'),
(1889, '216'),
(1889, '189'),
(1890, '216'),
(1890, '189'),
(1891, '216'),
(1891, '189'),
(1892, '189'),
(1892, '303'),
(1893, '189'),
(1893, '303'),
(1894, '189'),
(1894, '303'),
(1895, '189'),
(1895, '303'),
(1896, '275'),
(1896, '189'),
(1896, '354'),
(1896, '288'),
(1896, '287'),
(1897, '189'),
(1897, '303'),
(1898, '189'),
(1898, '303'),
(1899, '189'),
(1899, '303'),
(1900, '189'),
(1900, '303'),
(1901, '189'),
(1901, '303'),
(1902, '189'),
(1902, '303'),
(1903, '189'),
(1903, '303'),
(1904, '189'),
(1904, '303'),
(1905, '189'),
(1905, '303'),
(1906, '189'),
(1906, '303'),
(1907, '216'),
(1907, '189'),
(1908, '216'),
(1908, '189'),
(1909, '189'),
(1909, '303'),
(1910, '216'),
(1910, '189'),
(1910, '303'),
(1911, '216'),
(1911, '189'),
(1912, '216'),
(1912, '189'),
(1913, '216'),
(1913, '189'),
(1914, '216'),
(1914, '189'),
(1915, '216'),
(1915, '189'),
(1916, '189'),
(1916, '303'),
(1917, '216'),
(1917, '189'),
(1918, '189'),
(1918, '303'),
(1919, '189'),
(1919, '303'),
(1920, '216'),
(1920, '189'),
(1921, '216'),
(1921, '189'),
(1922, '216'),
(1922, '189'),
(1923, '189'),
(1923, '303'),
(1924, '189'),
(1924, '303'),
(1927, '189'),
(1927, '303'),
(1928, '216'),
(1928, '189'),
(1928, '303'),
(1930, '216'),
(1930, '189'),
(1930, '303'),
(1931, '216'),
(1931, '189'),
(1931, '303'),
(1932, '216'),
(1932, '189'),
(1932, '303'),
(1933, '216'),
(1933, '189'),
(1933, '303'),
(1934, '189'),
(1934, '303'),
(1935, '189'),
(1935, '303'),
(1936, '216'),
(1936, '189'),
(1936, '303'),
(1937, '216'),
(1937, '189'),
(1937, '303'),
(1938, '216'),
(1938, '189'),
(1938, '303'),
(1939, '189'),
(1939, '303'),
(1939, '216'),
(1940, '216'),
(1940, '189'),
(1940, '303'),
(1941, '189'),
(1942, '189'),
(1943, '189'),
(1943, '303'),
(1944, '189'),
(1944, '303'),
(1945, '216'),
(1945, '189'),
(1945, '303'),
(1946, '216'),
(1946, '189'),
(1946, '303'),
(1947, '189'),
(1948, '189'),
(1949, '216'),
(1949, '189'),
(1949, '303'),
(1950, '216'),
(1950, '189'),
(1950, '303'),
(1951, '216'),
(1951, '189'),
(1951, '303'),
(1952, '216'),
(1952, '189'),
(1952, '303'),
(1954, '216'),
(1954, '189'),
(1954, '303'),
(1956, '216'),
(1956, '189'),
(1957, '216'),
(1957, '189'),
(1958, '216'),
(1958, '189'),
(1959, '216'),
(1959, '189'),
(1960, '216'),
(1960, '189'),
(1961, '216'),
(1961, '189'),
(1962, '216'),
(1962, '189'),
(1963, '189'),
(1963, '303'),
(1964, '189'),
(1964, '303'),
(1965, '189'),
(1965, '303'),
(1966, '189'),
(1966, '303'),
(1967, '216'),
(1967, '189'),
(1968, '189'),
(1968, '303'),
(1969, '216'),
(1969, '189'),
(1970, '189'),
(1970, '303'),
(1971, '189'),
(1971, '303'),
(1972, '189'),
(1972, '303'),
(1973, '189'),
(1973, '303'),
(1976, '189'),
(1976, '303'),
(1977, '189'),
(1977, '303'),
(1978, '216'),
(1978, '189'),
(1979, '216'),
(1979, '189'),
(1980, '189'),
(1980, '303'),
(1981, '189'),
(1981, '303'),
(1982, '216'),
(1982, '189'),
(1982, '303'),
(1983, '189'),
(1983, '303'),
(1984, '189'),
(1984, '303'),
(1985, '303'),
(1985, '239'),
(1985, '189'),
(1986, '303'),
(1986, '239'),
(1986, '189'),
(1987, '303'),
(1987, '239'),
(1987, '189'),
(1988, '303'),
(1988, '239'),
(1988, '189'),
(1989, '216'),
(1989, '189'),
(1990, '216'),
(1990, '189'),
(1991, '189'),
(1991, '303'),
(1992, '216'),
(1992, '189'),
(1993, '189'),
(1993, '303'),
(1993, '216'),
(1994, '189'),
(1994, '303'),
(1995, '216'),
(1995, '189'),
(1996, '189'),
(1996, '303'),
(1997, '189'),
(1997, '303'),
(1998, '303'),
(1998, '239'),
(1998, '189'),
(1999, '303'),
(1999, '239'),
(1999, '189'),
(2000, '303'),
(2000, '239'),
(2000, '189'),
(2001, '303'),
(2001, '239'),
(2001, '189'),
(2002, '303'),
(2002, '239'),
(2002, '189'),
(2003, '303'),
(2003, '239'),
(2003, '189'),
(2004, '189'),
(2004, '303'),
(2005, '216'),
(2005, '189'),
(2006, '189'),
(2006, '303'),
(2007, '189'),
(2007, '303'),
(2008, '216'),
(2008, '189'),
(2009, '216'),
(2009, '189'),
(2010, '189'),
(2010, '303'),
(2011, '216'),
(2011, '189'),
(2011, '303'),
(2012, '189'),
(2012, '303'),
(2013, '216'),
(2013, '189'),
(2013, '303'),
(2014, '216'),
(2014, '189'),
(2014, '303'),
(2015, '216'),
(2015, '189'),
(2015, '303'),
(2016, '216'),
(2016, '189'),
(2016, '303'),
(2017, '216'),
(2017, '189'),
(2017, '303'),
(2018, '189'),
(2018, '303'),
(2019, '189'),
(2019, '303'),
(2020, '216'),
(2020, '189'),
(2020, '303'),
(2021, '216'),
(2021, '189'),
(2021, '303'),
(2022, '216'),
(2022, '189'),
(2022, '303'),
(2024, '189'),
(2025, '189'),
(2026, '216'),
(2026, '189'),
(2026, '303'),
(2027, '216'),
(2027, '189'),
(2027, '303'),
(2028, '189'),
(2028, '303'),
(2029, '189'),
(2030, '189'),
(2031, '189'),
(2032, '189'),
(2033, '189'),
(2034, '189'),
(2035, '189'),
(2036, '189'),
(2037, '189'),
(2038, '189'),
(2039, '189'),
(2040, '189'),
(2041, '189'),
(2042, '189'),
(2043, '189'),
(2044, '189'),
(2045, '189'),
(2046, '189'),
(2047, '189'),
(2048, '189'),
(2049, '189'),
(2050, '189'),
(2051, '189'),
(2052, '189'),
(2053, '189'),
(2054, '189'),
(2055, '189'),
(2056, '275'),
(2056, '189'),
(2056, '354'),
(2056, '288'),
(2056, '287'),
(2057, '189'),
(2058, '189'),
(2058, '303'),
(2059, '189'),
(2060, '189'),
(2061, '189'),
(2062, '189'),
(2063, '189'),
(2064, '189'),
(2065, '189'),
(2066, '189'),
(2067, '189'),
(2068, '189'),
(2069, '189'),
(2070, '189'),
(2071, '189'),
(2072, '189'),
(2073, '189'),
(2074, '189'),
(2075, '189'),
(2076, '189'),
(2077, '189'),
(2078, '189'),
(2079, '189'),
(2080, '189'),
(2081, '189'),
(2082, '275'),
(2082, '189'),
(2082, '354'),
(2082, '288'),
(2082, '287'),
(2083, '189'),
(2084, '189'),
(2085, '189'),
(2086, '189'),
(2087, '189'),
(2088, '189'),
(2089, '189'),
(2090, '189'),
(2091, '189'),
(2092, '189'),
(2093, '189'),
(2094, '189'),
(2095, '189'),
(2096, '189'),
(2097, '189'),
(2098, '189'),
(2099, '189'),
(2100, '189'),
(2101, '189'),
(2102, '189'),
(2103, '189'),
(2104, '189'),
(2105, '189'),
(2106, '189'),
(2107, '189'),
(2108, '189'),
(2109, '189'),
(2110, '238'),
(2110, '189'),
(2111, '189'),
(2112, '189'),
(2113, '189'),
(2114, '189'),
(2115, '189'),
(2116, '189'),
(2117, '189'),
(2117, '303'),
(2118, '189'),
(2119, '189'),
(2120, '189'),
(2120, '303'),
(2121, '189'),
(2121, '303'),
(2122, '189'),
(2122, '303'),
(2123, '189'),
(2123, '303'),
(2124, '189'),
(2124, '303'),
(2125, '189'),
(2126, '189'),
(2127, '189'),
(2128, '189'),
(2129, '189'),
(2130, '189'),
(2131, '189'),
(2132, '189'),
(2133, '189'),
(2134, '189'),
(2135, '189'),
(2136, '189'),
(2137, '189'),
(2138, '189'),
(2139, '189'),
(2140, '189'),
(2141, '189'),
(2142, '189'),
(2143, '189'),
(2144, '189'),
(2145, '216'),
(2145, '189'),
(2146, '189'),
(2146, '303'),
(2147, '189'),
(2147, '303'),
(2148, '189'),
(2148, '303'),
(2149, '189'),
(2149, '303'),
(2150, '189'),
(2150, '303'),
(2151, '303'),
(2151, '239'),
(2151, '189'),
(2152, '303'),
(2152, '239'),
(2152, '189'),
(2153, '189'),
(2153, '303'),
(2154, '189'),
(2154, '303'),
(2155, '189'),
(2155, '303'),
(2156, '189'),
(2156, '303'),
(2157, '189'),
(2157, '303'),
(2158, '189'),
(2158, '303'),
(2159, '189'),
(2159, '303'),
(2160, '189'),
(2160, '303'),
(2161, '238'),
(2161, '189'),
(2162, '238'),
(2162, '189'),
(2163, '238'),
(2163, '189'),
(2164, '189'),
(2164, '303'),
(2165, '189'),
(2165, '303'),
(2166, '189'),
(2166, '303'),
(2167, '303'),
(2167, '189'),
(2168, '189'),
(2168, '303'),
(2169, '189'),
(2169, '303'),
(2170, '189'),
(2170, '303'),
(2171, '189'),
(2171, '303'),
(2172, '189'),
(2172, '303'),
(2173, '189'),
(2173, '303'),
(2174, '189'),
(2174, '303'),
(2175, '189'),
(2175, '303'),
(2176, '189'),
(2176, '303'),
(2177, '189'),
(2177, '303'),
(2178, '303'),
(2178, '189'),
(2179, '303'),
(2179, '189'),
(2180, '189'),
(2180, '303'),
(2181, '216'),
(2181, '189'),
(2182, '189'),
(2182, '303'),
(2183, '189'),
(2183, '303'),
(2184, '189'),
(2184, '303'),
(2185, '189'),
(2185, '303'),
(2186, '189'),
(2187, '189'),
(2187, '303'),
(2188, '189'),
(2188, '303'),
(2189, '216'),
(2189, '189'),
(2190, '275'),
(2190, '189'),
(2190, '354'),
(2190, '288'),
(2190, '287'),
(2191, '189'),
(2191, '303'),
(2192, '189'),
(2192, '303'),
(2193, '189'),
(2193, '303'),
(2194, '189'),
(2194, '303'),
(2195, '189'),
(2195, '303'),
(2196, '189'),
(2196, '303'),
(2197, '189'),
(2197, '303'),
(2198, '189'),
(2198, '303'),
(2199, '189'),
(2199, '303'),
(2200, '189'),
(2201, '238'),
(2201, '189'),
(2202, '189'),
(2202, '303'),
(2203, '189'),
(2203, '303'),
(2204, '189'),
(2205, '189'),
(2206, '189'),
(2206, '303'),
(2207, '189'),
(2207, '303'),
(2208, '216'),
(2208, '189'),
(2208, '303'),
(2209, '189'),
(2209, '303'),
(2210, '189'),
(2210, '303'),
(2211, '189'),
(2211, '303'),
(2212, '189'),
(2212, '303'),
(2213, '216'),
(2213, '189'),
(2213, '303'),
(2214, '216'),
(2214, '189'),
(2214, '303'),
(2215, '216'),
(2215, '189'),
(2215, '303'),
(2216, '189'),
(2216, '303'),
(2217, '189'),
(2217, '303'),
(2218, '216'),
(2218, '189'),
(2218, '303'),
(2219, '216'),
(2219, '189'),
(2219, '303'),
(2220, '189'),
(2220, '303'),
(2221, '303'),
(2221, '189'),
(2222, '189'),
(2222, '303'),
(2223, '189'),
(2223, '216'),
(2223, '303'),
(2224, '189'),
(2224, '303'),
(2225, '189'),
(2225, '303'),
(2226, '303'),
(2226, '189'),
(2227, '303'),
(2227, '189'),
(2228, '216'),
(2228, '189'),
(2228, '303'),
(2229, '216'),
(2229, '189'),
(2229, '303'),
(2230, '189'),
(2230, '303'),
(2231, '303'),
(2231, '189'),
(2232, '303'),
(2232, '189'),
(2233, '189'),
(2233, '303'),
(2234, '189'),
(2234, '303'),
(2235, '189'),
(2235, '303'),
(2236, '216'),
(2236, '189'),
(2236, '303'),
(2237, '216'),
(2237, '189'),
(2237, '303'),
(2238, '216'),
(2238, '189'),
(2238, '303'),
(2239, '216'),
(2239, '189'),
(2239, '303'),
(2240, '216'),
(2240, '189'),
(2240, '303'),
(2241, '216'),
(2241, '189'),
(2241, '303'),
(2242, '189'),
(2242, '303'),
(2243, '216'),
(2243, '189'),
(2243, '303'),
(2244, '189'),
(2244, '303'),
(2245, '189'),
(2245, '303'),
(2246, '216'),
(2246, '189'),
(2246, '303'),
(2247, '216'),
(2247, '189'),
(2247, '303'),
(2248, '189'),
(2248, '303'),
(2249, '189'),
(2249, '303'),
(2250, '189'),
(2250, '303'),
(2251, '189'),
(2251, '303'),
(2252, '189'),
(2252, '303'),
(2253, '189'),
(2253, '303'),
(2254, '189'),
(2254, '303'),
(2255, '189'),
(2255, '303'),
(2256, '189'),
(2256, '303'),
(2257, '189'),
(2257, '303'),
(2258, '189'),
(2258, '303'),
(2259, '189'),
(2259, '303'),
(2260, '189'),
(2260, '303'),
(2261, '189'),
(2261, '303'),
(2262, '189'),
(2262, '303'),
(2263, '189'),
(2263, '303'),
(2264, '189'),
(2264, '303'),
(2265, '189'),
(2265, '303'),
(2266, '189'),
(2266, '303'),
(2267, '189'),
(2267, '303'),
(2268, '189'),
(2268, '303'),
(2269, '303'),
(2269, '189'),
(2270, '189'),
(2270, '303'),
(2271, '303'),
(2271, '189'),
(2272, '189'),
(2272, '303'),
(2273, '189'),
(2273, '303'),
(2274, '303'),
(2274, '189'),
(2275, '189'),
(2275, '303'),
(2276, '189'),
(2276, '303'),
(2277, '189'),
(2277, '303'),
(2278, '303'),
(2278, '189'),
(2279, '300'),
(2279, '189'),
(2280, '300'),
(2280, '189'),
(2281, '300'),
(2281, '189'),
(2282, '303'),
(2282, '239'),
(2282, '189'),
(2283, '303'),
(2283, '239'),
(2283, '189'),
(2284, '303'),
(2284, '239'),
(2284, '189'),
(2285, '303'),
(2285, '239'),
(2285, '189'),
(2286, '216'),
(2286, '189'),
(2286, '303'),
(2287, '216'),
(2287, '303'),
(2287, '189'),
(2288, '189'),
(2288, '303'),
(2289, '189'),
(2289, '303'),
(2290, '303'),
(2290, '189'),
(2291, '189'),
(2291, '303'),
(2292, '303'),
(2292, '189'),
(2293, '216'),
(2293, '189'),
(2293, '303'),
(2294, '216'),
(2294, '189'),
(2294, '303'),
(2295, '216'),
(2295, '189'),
(2295, '303'),
(2296, '216'),
(2296, '189'),
(2296, '303'),
(2297, '216'),
(2297, '189'),
(2297, '303'),
(2298, '216'),
(2298, '189'),
(2298, '303'),
(2299, '216'),
(2299, '189'),
(2299, '303'),
(2300, '300'),
(2301, '300'),
(2302, '216'),
(2302, '189'),
(2302, '303'),
(2303, '216'),
(2303, '189'),
(2303, '303'),
(2304, '216'),
(2304, '189'),
(2304, '303'),
(2305, '189'),
(2305, '303'),
(2306, '189'),
(2306, '303'),
(2308, '189'),
(2309, '189'),
(2310, '189'),
(2311, '189'),
(2312, '189'),
(2313, '189'),
(2314, '189'),
(2315, '189'),
(2316, '189'),
(2316, '303'),
(2317, '189'),
(2317, '303'),
(2318, '189'),
(2318, '303'),
(2319, '189'),
(2319, '303'),
(2320, '189'),
(2321, '189'),
(2322, '189'),
(2323, '189'),
(2324, '189'),
(2325, '189'),
(2326, '189'),
(2327, '189'),
(2328, '216'),
(2328, '189'),
(2328, '303'),
(2329, '189'),
(2330, '189'),
(2331, '189'),
(2332, '189'),
(2334, '189'),
(2337, '189'),
(2338, '189'),
(2338, '303'),
(2339, '189'),
(2339, '303'),
(2341, '189'),
(2341, '303'),
(2342, '189'),
(2342, '303'),
(2343, '189'),
(2344, '189'),
(2344, '303'),
(2345, '189'),
(2345, '303'),
(2346, '189'),
(2346, '303'),
(2347, '189'),
(2347, '303'),
(2348, '189'),
(2348, '303'),
(2349, '189'),
(2349, '303'),
(2350, '189'),
(2350, '303'),
(2351, '189'),
(2351, '303'),
(2352, '189'),
(2352, '303'),
(2353, '216'),
(2353, '189'),
(2353, '303'),
(2354, '189'),
(2354, '303'),
(2355, '189'),
(2355, '303'),
(2356, '238'),
(2356, '189'),
(2357, '238'),
(2357, '189'),
(2358, '238'),
(2358, '189'),
(2359, '238'),
(2359, '189'),
(2360, '238'),
(2360, '189'),
(2361, '238'),
(2361, '189'),
(2362, '189'),
(2362, '303'),
(2363, '238'),
(2363, '189'),
(2364, '238'),
(2364, '189'),
(2365, '189'),
(2365, '303'),
(2366, '189'),
(2366, '303'),
(2367, '189'),
(2368, '189'),
(2368, '303'),
(2369, '189'),
(2369, '303'),
(2370, '189'),
(2370, '303'),
(2371, '189'),
(2371, '303'),
(2372, '189'),
(2372, '303'),
(2373, '189'),
(2374, '189'),
(2375, '189'),
(2377, '189'),
(2378, '189'),
(2379, '189'),
(2380, '189'),
(2381, '189'),
(2382, '189'),
(2383, '189'),
(2383, '303'),
(2384, '189'),
(2384, '303'),
(2385, '189'),
(2385, '303'),
(2386, '303'),
(2386, '189'),
(2387, '231'),
(2387, '189'),
(2387, '303'),
(2388, '231'),
(2388, '189'),
(2388, '303'),
(2389, '231'),
(2389, '189'),
(2389, '303'),
(2390, '189'),
(2390, '303'),
(2391, '189'),
(2392, '189'),
(2393, '189'),
(2393, '303'),
(2394, '189'),
(2394, '303'),
(2395, '189'),
(2395, '303'),
(2396, '189'),
(2396, '303'),
(2397, '189'),
(2397, '303'),
(2398, '189'),
(2398, '303'),
(2399, '189'),
(2399, '303'),
(2400, '189'),
(2401, '189'),
(2402, '189'),
(2403, '189'),
(2404, '189'),
(2405, '189'),
(2407, '189'),
(2407, '303'),
(2408, '189'),
(2408, '303'),
(2409, '189'),
(2409, '303'),
(2410, '189'),
(2410, '303'),
(2411, '189'),
(2411, '303'),
(2412, '189'),
(2412, '303'),
(2413, '189'),
(2413, '303'),
(2414, '189'),
(2414, '303'),
(2415, '189'),
(2415, '303'),
(2416, '189'),
(2416, '303'),
(2417, '189'),
(2418, '189'),
(2419, '189'),
(2420, '189'),
(2421, '189'),
(2422, '189'),
(2423, '189'),
(2424, '189'),
(2425, '189'),
(2425, '303'),
(2426, '189'),
(2426, '303'),
(2427, '189'),
(2427, '303'),
(2428, '189'),
(2428, '303'),
(2429, '216'),
(2429, '189'),
(2430, '216'),
(2430, '189'),
(2431, '216'),
(2431, '189'),
(2432, '216'),
(2432, '189'),
(2433, '216'),
(2433, '189'),
(2434, '216'),
(2434, '189'),
(2435, '216'),
(2435, '189'),
(2436, '216'),
(2436, '189'),
(2437, '216'),
(2437, '189'),
(2438, '216'),
(2438, '189'),
(2439, '216'),
(2439, '189'),
(2440, '216'),
(2440, '189'),
(2441, '216'),
(2441, '189'),
(2442, '216'),
(2442, '189'),
(2443, '216'),
(2443, '189'),
(2444, '216'),
(2444, '189'),
(2445, '216'),
(2445, '189'),
(2446, '216'),
(2446, '189'),
(2447, '216'),
(2447, '189'),
(2448, '216'),
(2448, '189'),
(2449, '216'),
(2449, '189'),
(2450, '216'),
(2450, '189'),
(2451, '216'),
(2451, '189'),
(2452, '216'),
(2452, '189'),
(2453, '216'),
(2453, '189'),
(2454, '216'),
(2454, '189'),
(2455, '216'),
(2455, '189'),
(2456, '216'),
(2456, '189'),
(2457, '216'),
(2457, '189'),
(2458, '216'),
(2458, '189'),
(2459, '216'),
(2459, '189'),
(2460, '216'),
(2460, '189'),
(2461, '216'),
(2461, '189'),
(2462, '216'),
(2462, '189'),
(2463, '216'),
(2463, '189'),
(2464, '189'),
(2465, '189'),
(2466, '189'),
(2466, '303'),
(2467, '189'),
(2467, '303'),
(2468, '189'),
(2468, '303'),
(2469, '189'),
(2470, '189'),
(2470, '303'),
(2471, '189'),
(2471, '303'),
(2472, '189'),
(2472, '303'),
(2473, '189'),
(2473, '303'),
(2474, '189'),
(2474, '303'),
(2475, '189'),
(2476, '189'),
(2477, '189'),
(2478, '189'),
(2479, '189'),
(2479, '303'),
(2480, '189'),
(2480, '303'),
(2481, '189'),
(2481, '303'),
(2482, '189'),
(2482, '303'),
(2483, '189'),
(2483, '303'),
(2484, '189'),
(2484, '303'),
(2485, '189'),
(2485, '303'),
(2486, '189'),
(2486, '303'),
(2487, '189'),
(2487, '303'),
(2488, '189'),
(2488, '303'),
(2489, '189'),
(2489, '303'),
(2490, '189'),
(2490, '303'),
(2491, '189'),
(2491, '303'),
(2492, '189'),
(2492, '303'),
(2493, '216'),
(2493, '189'),
(2493, '303'),
(2494, '216'),
(2494, '189'),
(2494, '303'),
(2495, '216'),
(2495, '189'),
(2495, '303'),
(2500, '303'),
(2500, '239'),
(2500, '189'),
(2503, '189'),
(2503, '303'),
(2504, '189'),
(2504, '303'),
(2505, '189'),
(2505, '303'),
(2506, '189'),
(2506, '303'),
(2507, '189'),
(2507, '303'),
(2508, '216'),
(2508, '189'),
(2508, '303'),
(2509, '189'),
(2509, '303'),
(2510, '189'),
(2510, '303'),
(2511, '189'),
(2511, '303'),
(2512, '189'),
(2512, '303'),
(2513, '189'),
(2513, '303'),
(2514, '216'),
(2514, '189'),
(2514, '303'),
(2515, '216'),
(2515, '189'),
(2515, '303'),
(2516, '189'),
(2516, '250'),
(2517, '189'),
(2517, '250'),
(2518, '216'),
(2518, '189'),
(2519, '216'),
(2519, '189'),
(2520, '216'),
(2520, '189'),
(2521, '216'),
(2521, '189'),
(2522, '189'),
(2522, '303'),
(2523, '189'),
(2524, '189'),
(2525, '189'),
(2526, '189'),
(2527, '189'),
(2528, '189'),
(2529, '189'),
(2530, '189'),
(2531, '189'),
(2532, '189'),
(2533, '189'),
(2534, '189'),
(2538, '216'),
(2538, '189'),
(2539, '216'),
(2539, '189'),
(2540, '189'),
(2541, '189'),
(2542, '189'),
(2543, '189'),
(2544, '189'),
(2545, '189'),
(2546, '189'),
(2547, '189'),
(2548, '189'),
(2549, '189'),
(2550, '189'),
(2551, '189'),
(2552, '189'),
(2552, '303'),
(2553, '189'),
(2554, '189'),
(2554, '303'),
(2555, '189'),
(2555, '303'),
(2556, '189'),
(2556, '303'),
(2557, '189'),
(2557, '303'),
(2558, '216'),
(2558, '189'),
(2559, '216'),
(2559, '189'),
(2560, '216'),
(2560, '189'),
(2561, '216'),
(2561, '189'),
(2562, '216'),
(2562, '189'),
(2563, '216'),
(2563, '189'),
(2564, '216'),
(2564, '189'),
(2565, '216'),
(2565, '189'),
(2566, '189'),
(2566, '250'),
(2567, '189'),
(2567, '250'),
(2568, '189'),
(2568, '250'),
(2569, '189'),
(2569, '250'),
(2570, '216'),
(2570, '189'),
(2571, '216'),
(2571, '189'),
(2572, '216'),
(2572, '189'),
(2573, '216'),
(2573, '189'),
(2574, '216'),
(2574, '189'),
(2575, '216'),
(2575, '189'),
(2576, '216'),
(2576, '189'),
(2577, '216'),
(2577, '189'),
(2578, '216'),
(2578, '189'),
(2579, '216'),
(2579, '189'),
(2580, '216'),
(2580, '189'),
(2581, '216'),
(2581, '189'),
(2582, '216'),
(2582, '189'),
(2583, '216'),
(2583, '189'),
(2584, '216'),
(2584, '189'),
(2585, '216'),
(2585, '189'),
(2586, '216'),
(2586, '189'),
(2587, '216'),
(2587, '189'),
(2588, '216'),
(2588, '189'),
(2589, '216'),
(2589, '189'),
(2590, '216'),
(2590, '189'),
(2591, '216'),
(2591, '189'),
(2592, '216'),
(2592, '189'),
(2593, '216'),
(2593, '189'),
(2594, '216'),
(2594, '189'),
(2594, '303'),
(2595, '216'),
(2595, '189'),
(2596, '216'),
(2596, '189'),
(2597, '216'),
(2597, '189'),
(2598, '216'),
(2598, '189'),
(2599, '216'),
(2599, '189'),
(2600, '216'),
(2600, '189'),
(2601, '216'),
(2601, '189'),
(2602, '216'),
(2602, '189'),
(2603, '189'),
(2604, '189'),
(2605, '189'),
(2606, '189'),
(2607, '189'),
(2608, '189'),
(2608, '303'),
(2609, '189'),
(2609, '303'),
(2610, '189'),
(2610, '303'),
(2611, '189'),
(2611, '303'),
(2612, '189'),
(2612, '303'),
(2613, '189'),
(2613, '303'),
(2614, '189'),
(2614, '303'),
(2615, '189'),
(2615, '303'),
(2616, '216'),
(2616, '189'),
(2616, '303'),
(2617, '189'),
(2617, '303'),
(2618, '189'),
(2618, '303'),
(2619, '189'),
(2619, '303'),
(2620, '189'),
(2620, '303'),
(2621, '189'),
(2621, '303'),
(2622, '189'),
(2622, '303'),
(2623, '189'),
(2623, '303'),
(2624, '189'),
(2624, '303'),
(2625, '189'),
(2625, '303'),
(2626, '189'),
(2626, '303'),
(2627, '189'),
(2627, '303'),
(2628, '189'),
(2628, '303'),
(2629, '189'),
(2629, '303'),
(2630, '189'),
(2630, '303'),
(2631, '189'),
(2631, '303'),
(2632, '238'),
(2632, '189'),
(2633, '238'),
(2633, '189'),
(2634, '189'),
(2634, '303'),
(2635, '189'),
(2635, '303'),
(2636, '189'),
(2636, '303'),
(2637, '189'),
(2637, '303'),
(2638, '189'),
(2638, '303'),
(2639, '189'),
(2639, '303'),
(2640, '189'),
(2640, '303'),
(2641, '189'),
(2641, '303'),
(2642, '189'),
(2643, '216'),
(2643, '231'),
(2644, '189'),
(2644, '303'),
(2645, '189'),
(2645, '303'),
(2646, '189'),
(2646, '303'),
(2647, '189'),
(2647, '303'),
(2648, '189'),
(2648, '303'),
(2649, '189'),
(2649, '303'),
(2650, '189'),
(2650, '303'),
(2651, '189'),
(2651, '303'),
(2652, '189'),
(2652, '303'),
(2653, '189'),
(2653, '303'),
(2654, '189'),
(2654, '303'),
(2655, '189'),
(2655, '303'),
(2656, '189'),
(2656, '303'),
(2657, '189'),
(2657, '303'),
(2658, '189'),
(2658, '303'),
(2659, '189'),
(2659, '303'),
(2660, '189'),
(2660, '303'),
(2661, '189'),
(2661, '303'),
(2662, '189'),
(2662, '303'),
(2663, '189'),
(2663, '303'),
(2664, '189'),
(2664, '303'),
(2665, '189'),
(2665, '303'),
(2666, '189'),
(2666, '303'),
(2667, '189'),
(2667, '303'),
(2668, '189'),
(2668, '303'),
(2669, '189'),
(2669, '303'),
(2670, '189'),
(2670, '303'),
(2671, '189'),
(2671, '303'),
(2672, '189'),
(2673, '189'),
(2674, '189'),
(2675, '189');

-- --------------------------------------------------------

--
-- Table structure for table `usergroup`
--

DROP TABLE IF EXISTS `usergroup`;
CREATE TABLE IF NOT EXISTS `usergroup` (
  `id` int(5) NOT NULL AUTO_INCREMENT,
  `name` varchar(50) COLLATE utf8_unicode_ci NOT NULL,
  PRIMARY KEY (`id`)
) ENGINE=InnoDB  DEFAULT CHARSET=utf8 COLLATE=utf8_unicode_ci AUTO_INCREMENT=366 ;

--
-- Dumping data for table `usergroup`
--

INSERT INTO `usergroup` (`id`, `name`) VALUES
(183, 'AUDIT'),
(184, 'Architecture'),
(185, 'BI_services_sa_user'),
(186, 'Billing'),
(187, 'CARE_Supp'),
(188, 'CSPApps'),
(189, 'CoreSA_user'),
(190, 'DCSI_user'),
(191, 'DECE_DevGrp'),
(192, 'DECE_PSO'),
(193, 'DECE_QAGrp'),
(194, 'DECE_Verify'),
(195, 'DNC'),
(196, 'DNSMasters'),
(197, 'DS_HadoopSecureApp_User'),
(198, 'DS_HadoopSecureSA_User'),
(199, 'DS_HadoopSecureService_User'),
(200, 'DS_HadoopSecureUser_User'),
(201, 'DWTeam_SA'),
(202, 'DWTeam_sec_SA'),
(203, 'DWteam'),
(204, 'EAI_user'),
(205, 'ENUM_DevGrp_user'),
(206, 'ENUM_QAGrp_user'),
(207, 'ENUM_Support'),
(208, 'EP_QA'),
(209, 'Fiduciary_AppSup'),
(210, 'Finance_user'),
(211, 'HR_user'),
(212, 'IAM_NEXGEN_USER'),
(213, 'IAM_POC_USER'),
(214, 'IAM_ULTRA_USER'),
(215, 'ICS_neteng'),
(216, 'INFOSEC'),
(217, 'INFOSEC_FW'),
(218, 'Impetus_PPS'),
(219, 'JOE_AppSup'),
(220, 'JOE_CustPrdct'),
(221, 'JOE_Eng'),
(222, 'JOE_HDTeach'),
(223, 'JOE_QA'),
(224, 'JOE_Reporting'),
(225, 'LAN_user'),
(226, 'LEAP-AppSup'),
(227, 'LMS_Support'),
(228, 'LOMS_Admin_user'),
(229, 'MERC_DevGrp'),
(230, 'MIDS-AppSup'),
(231, 'Media_Ops'),
(232, 'Mercury'),
(233, 'NAS_APP_Support'),
(234, 'NAS_Dev'),
(235, 'NIS_SA_user'),
(236, 'NMS'),
(237, 'NMSng'),
(238, 'NMSusers_ng'),
(239, 'NOC'),
(240, 'NOC_SA_USER'),
(241, 'NPAC-AppSup'),
(242, 'NPAC_Dev'),
(243, 'NPAC_Pooling_Supp'),
(244, 'NPAC_Tier1_SM'),
(245, 'NPACdev-Env'),
(246, 'NPACdev-Env2'),
(247, 'NPACdev-LSMS'),
(248, 'NPACdev-prod'),
(249, 'NTS-AppSup'),
(250, 'NeuSentry_user'),
(251, 'NewPace_Dev'),
(252, 'NewPace_QA'),
(253, 'OMS_AppSup'),
(254, 'OMS_CustPrdct'),
(255, 'OMS_Eng'),
(256, 'OMS_HDTeach'),
(257, 'OMS_PAT'),
(258, 'OMS_QA'),
(259, 'OMS_Reporting'),
(260, 'OMS_SR'),
(261, 'PAS_OPS_Support'),
(262, 'Peoplesoft_finance_user'),
(263, 'PortPS'),
(264, 'QA_LAB'),
(265, 'REG_QA'),
(266, 'Registry'),
(267, 'Registry_Dev'),
(268, 'SIP-AppSup'),
(269, 'SIP-Eng'),
(270, 'SIP-IX'),
(271, 'SIP-Tier3'),
(272, 'SOC'),
(273, 'SOC_SP'),
(274, 'STORAGE'),
(275, 'STSOPS'),
(276, 'Siebel_Supp'),
(277, 'Splunk_Administrators'),
(278, 'Ultra_Dev_user'),
(279, 'Ultra_Mgmt_user'),
(280, 'Ultra_Ops_user'),
(281, 'Ultra_Role_user'),
(282, 'VICE'),
(283, 'WAN'),
(284, 'WEB_Support'),
(285, 'aixBillProd'),
(286, 'att_aio_ftp_user'),
(287, 'att_user'),
(288, 'automation_tools_user'),
(289, 'chorse_user'),
(290, 'cmsteam'),
(291, 'dba_metascale_user'),
(292, 'dbadmin'),
(293, 'dbascript_grp'),
(294, 'dset_user'),
(295, 'dw_app_user'),
(296, 'dw_hadoop_dev_user'),
(297, 'dw_hadoop_prod_user'),
(298, 'dw_hadoop_secure_user'),
(299, 'dw_secure_service_user'),
(300, 'enum_ops_user'),
(301, 'enum_osb_user'),
(302, 'fortify_user'),
(303, 'icssysgrp'),
(304, 'imageadmin'),
(305, 'immetl_team'),
(306, 'immetl_user'),
(307, 'immsas_user'),
(308, 'impetus_csc_user'),
(309, 'impetus_ultra_user'),
(310, 'ipi_dev_user'),
(311, 'ipi_ops_user'),
(312, 'ipi_qa_user'),
(313, 'ldapnetgrp'),
(314, 'loms_dba_user'),
(315, 'loms_dev_user'),
(316, 'loms_gen_user'),
(317, 'loms_ps_user'),
(318, 'loms_qa_user'),
(319, 'lsms_app_user'),
(320, 'lsms_dev_user'),
(321, 'metrics_user'),
(322, 'midssupport'),
(323, 'mobile_cross_device_users'),
(324, 'neustar_labs_user'),
(325, 'nexgen_admin_user'),
(326, 'nexgen_user'),
(327, 'nis-aa-host'),
(328, 'nis-aa-sa-user'),
(329, 'nis-aa-user'),
(330, 'nis-cnmlogin-user'),
(331, 'nis-core-host'),
(332, 'nis-core-sa-user'),
(333, 'nis-core-user'),
(334, 'nis-dev-lab-host'),
(335, 'nis-infra-host'),
(336, 'nis-infra-sa-user'),
(337, 'nis-infra-user'),
(338, 'nis-support-user'),
(339, 'nis-ticadmin-user'),
(340, 'nis_data_compilation'),
(341, 'nms_admin_user'),
(342, 'nmsmon'),
(343, 'npacprod'),
(344, 'offline_to_online_user'),
(345, 'oms_operations_user'),
(346, 'osb_soa_user'),
(347, 'pas_dev_user'),
(348, 'psftdev'),
(349, 'registry_operations_user'),
(350, 'registry_qa_admin_user'),
(351, 'registry_qa_user'),
(352, 'rnas_dev_user'),
(353, 'rnas_qa_user'),
(354, 'sts_user'),
(355, 'sysq_admins'),
(356, 'sysq_user'),
(357, 'systems_integration_user'),
(358, 'te_support_user'),
(359, 'telecom_user'),
(360, 'uDNS_QA'),
(361, 'wm_sysops'),
(362, 'wpm_dev_user'),
(363, 'wpm_qa_user'),
(364, 'wpm_sysops'),
(365, 'wpm_user');

/*!40101 SET CHARACTER_SET_CLIENT=@OLD_CHARACTER_SET_CLIENT */;
/*!40101 SET CHARACTER_SET_RESULTS=@OLD_CHARACTER_SET_RESULTS */;
/*!40101 SET COLLATION_CONNECTION=@OLD_COLLATION_CONNECTION */;
